country_code,country,exchange,exchange_review_url,status,legal_entity,regulator,licence_id,licence_id_type,home_country,mica_services,effective_date,source_name,source_url,checked_on,note
AT,Austria,Backpack Exchange,https://exchangecatalogue.com/exchange/backpack-exchange/,passported,Trek Technologies SIA (Backpack EU),Latvijas Banka (Latvia),6488C2PNI17093U2YA18,LEI,Latvia,a c d e j,2026-05-27,"ESMA interim MiCA register (CASPS), update of 24 Sep 2026",https://www.esma.europa.eu/sites/default/files/2024-12/CASPS.csv,2026-09-29,Licensed in Latvia and notified to serve Austria.
AT,Austria,Binance,https://exchangecatalogue.com/exchange/binance/,not_on_register,,,,,,,,"ESMA interim MiCA register (CASPS), update of 24 Sep 2026",https://www.esma.europa.eu/sites/default/files/2024-12/CASPS.csv,2026-09-29,Not on the ESMA register of MiCA licensed firms. Binance does not hold a MiCA licence. It stopped new EU sign ups and restricted its services ahead of 1 July 2026.
AT,Austria,BingX,https://exchangecatalogue.com/exchange/bingx/,not_on_register,,,,,,,,"ESMA interim MiCA register (CASPS), update of 24 Sep 2026",https://www.esma.europa.eu/sites/default/files/2024-12/CASPS.csv,2026-09-29,Not on the ESMA register of MiCA licensed firms.
AT,Austria,Bitfinex,https://exchangecatalogue.com/exchange/bitfinex/,not_on_register,,,,,,,,"ESMA interim MiCA register (CASPS), update of 24 Sep 2026",https://www.esma.europa.eu/sites/default/files/2024-12/CASPS.csv,2026-09-29,Not on the ESMA register of MiCA licensed firms.
AT,Austria,bitFlyer,https://exchangecatalogue.com/exchange/bitflyer/,passported,bitFlyer EUROPE S.A.,CSSF (Luxembourg),984500D4465EFA89EF38,LEI,Luxembourg,a c d e j,2026-06-26,"ESMA interim MiCA register (CASPS), update of 24 Sep 2026",https://www.esma.europa.eu/sites/default/files/2024-12/CASPS.csv,2026-09-29,Licensed in Luxembourg and notified to serve Austria.
AT,Austria,Bitget,https://exchangecatalogue.com/exchange/bitget/,restricted_by_exchange,,,,,,,,Bitget terms,https://www.bitget.com/support/articles/360014944032-terms-of-use,2026-09-29,Its terms of use (15 Sep 2026) exclude residents of this country. It is not on the ESMA register of MiCA licensed firms.
AT,Austria,BitMart,https://exchangecatalogue.com/exchange/bitmart/,not_on_register,,,,,,,,"ESMA interim MiCA register (CASPS), update of 24 Sep 2026",https://www.esma.europa.eu/sites/default/files/2024-12/CASPS.csv,2026-09-29,Not on the ESMA register of MiCA licensed firms.
AT,Austria,Bitstamp,https://exchangecatalogue.com/exchange/bitstamp/,passported,Bitstamp Europe S.A.,CSSF (Luxembourg),549300XIBGTJ0PLIEO72,LEI,Luxembourg,a b c d e g j,2025-05-15,"ESMA interim MiCA register (CASPS), update of 24 Sep 2026",https://www.esma.europa.eu/sites/default/files/2024-12/CASPS.csv,2026-09-29,Licensed in Luxembourg and notified to serve Austria.
AT,Austria,Bitvavo,https://exchangecatalogue.com/exchange/bitvavo/,passported,Bitvavo B.V.,AFM (Netherlands),724500MX2WBKDJP9HE56,LEI,Netherlands,a b j,2025-06-26,"ESMA interim MiCA register (CASPS), update of 24 Sep 2026",https://www.esma.europa.eu/sites/default/files/2024-12/CASPS.csv,2026-09-29,Licensed in Netherlands and notified to serve Austria.
AT,Austria,Bullish,https://exchangecatalogue.com/exchange/bullish/,passported,Bullish Europe GmbH,BaFin (Germany),2549008CBASK5Q680X12,LEI,Germany,a c d e j,2025-09-04,"ESMA interim MiCA register (CASPS), update of 24 Sep 2026",https://www.esma.europa.eu/sites/default/files/2024-12/CASPS.csv,2026-09-29,Licensed in Germany and notified to serve Austria.
AT,Austria,Bybit,https://exchangecatalogue.com/exchange/bybit/,licensed,Bybit EU GmbH,FMA (Austria),5299005V5GBSN2A4C303,LEI,Austria,a c d f j,2025-05-28,"ESMA interim MiCA register (CASPS), update of 24 Sep 2026",https://www.esma.europa.eu/sites/default/files/2024-12/CASPS.csv,2026-09-29,
AT,Austria,CEX.IO,https://exchangecatalogue.com/exchange/cex-io/,not_on_register,,,,,,,,"ESMA interim MiCA register (CASPS), update of 24 Sep 2026",https://www.esma.europa.eu/sites/default/files/2024-12/CASPS.csv,2026-09-29,Not on the ESMA register of MiCA licensed firms.
AT,Austria,Coinbase,https://exchangecatalogue.com/exchange/coinbase-exchange/,passported,Coinbase Luxembourg S.A.,CSSF (Luxembourg),984500F14CA4571AAC11,LEI,Luxembourg,a c d e f g j,2025-06-20,"ESMA interim MiCA register (CASPS), update of 24 Sep 2026",https://www.esma.europa.eu/sites/default/files/2024-12/CASPS.csv,2026-09-29,Licensed in Luxembourg and notified to serve Austria.
AT,Austria,Crypto.com,https://exchangecatalogue.com/exchange/crypto-com-exchange/,passported,Foris DAX MT Limited,MFSA (Malta),2549005CVR5HH70FDO07,LEI,Malta,a c d e g j,2025-01-27,"ESMA interim MiCA register (CASPS), update of 24 Sep 2026",https://www.esma.europa.eu/sites/default/files/2024-12/CASPS.csv,2026-09-29,Licensed in Malta and notified to serve Austria.
AT,Austria,Gate,https://exchangecatalogue.com/exchange/gate/,passported,Gate Technology Limited,MFSA (Malta),984500D6A0F945BB5A15,LEI,Malta,a b c d e j,2025-09-29,"ESMA interim MiCA register (CASPS), update of 24 Sep 2026",https://www.esma.europa.eu/sites/default/files/2024-12/CASPS.csv,2026-09-29,Licensed in Malta and notified to serve Austria.
AT,Austria,Gemini,https://exchangecatalogue.com/exchange/gemini/,restricted_by_exchange,Gemini Intergalactic EU Ltd,MFSA (Malta),2138002QAMX8PPKSO715,LEI,Malta,a c d e f g j,2025-08-21,"ESMA interim MiCA register (CASPS), update of 24 Sep 2026",https://www.esma.europa.eu/sites/default/files/2024-12/CASPS.csv,2026-09-29,"Holds a MiCA licence, but Gemini closed all accounts in the EEA on 6 Apr 2026."
AT,Austria,HTX,https://exchangecatalogue.com/exchange/htx/,not_on_register,,,,,,,,"ESMA interim MiCA register (CASPS), update of 24 Sep 2026",https://www.esma.europa.eu/sites/default/files/2024-12/CASPS.csv,2026-09-29,Not on the ESMA register of MiCA licensed firms.
AT,Austria,Kanga,https://exchangecatalogue.com/exchange/kanga/,not_passported,SIA AlphaRoute (kangaexchange.eu),Latvijas Banka (Latvia),259400JCJJ78A4ZCXP93,LEI,Latvia,a b c d f j,2026-06-18,"ESMA interim MiCA register (CASPS), update of 24 Sep 2026",https://www.esma.europa.eu/sites/default/files/2024-12/CASPS.csv,2026-09-29,"Licensed in Latvia, but Austria is not in its list of host countries."
AT,Austria,Kraken,https://exchangecatalogue.com/exchange/kraken/,passported,Payward Europe Solutions Limited,Central Bank of Ireland,254900641D8KNHUZYX24,LEI,Ireland,a c d e f g i j,2025-06-25,"ESMA interim MiCA register (CASPS), update of 24 Sep 2026",https://www.esma.europa.eu/sites/default/files/2024-12/CASPS.csv,2026-09-29,Licensed in Ireland and notified to serve Austria.
AT,Austria,KuCoin,https://exchangecatalogue.com/exchange/kucoin/,licensed,KuCoin EU Exchange GmbH,FMA (Austria),529900B4G0EGK7Z9KT45,LEI,Austria,a c d f j,2025-11-27,"ESMA interim MiCA register (CASPS), update of 24 Sep 2026",https://www.esma.europa.eu/sites/default/files/2024-12/CASPS.csv,2026-09-29,
AT,Austria,MEXC,https://exchangecatalogue.com/exchange/mexc/,not_on_register,,,,,,,,"ESMA interim MiCA register (CASPS), update of 24 Sep 2026",https://www.esma.europa.eu/sites/default/files/2024-12/CASPS.csv,2026-09-29,Not on the ESMA register of MiCA licensed firms.
AT,Austria,OKX,https://exchangecatalogue.com/exchange/okx/,passported,OKX Europe Limited,MFSA (Malta),54930069NLWEIGLHXU42,LEI,Malta,a b c d e f g i j,2025-01-27,"ESMA interim MiCA register (CASPS), update of 24 Sep 2026",https://www.esma.europa.eu/sites/default/files/2024-12/CASPS.csv,2026-09-29,Licensed in Malta and notified to serve Austria.
AT,Austria,One Trading,https://exchangecatalogue.com/exchange/one-trading/,passported,One Trading Exchange B.V.,AFM (Netherlands),984500AA963ED2BA8460,LEI,Netherlands,a b,2025-05-15,"ESMA interim MiCA register (CASPS), update of 24 Sep 2026",https://www.esma.europa.eu/sites/default/files/2024-12/CASPS.csv,2026-09-29,Licensed in Netherlands and notified to serve Austria.
AT,Austria,Toobit,https://exchangecatalogue.com/exchange/toobit/,not_on_register,,,,,,,,"ESMA interim MiCA register (CASPS), update of 24 Sep 2026",https://www.esma.europa.eu/sites/default/files/2024-12/CASPS.csv,2026-09-29,Not on the ESMA register of MiCA licensed firms. Its terms name a Polish company as the EEA contracting party and cite no MiCA licence.
AT,Austria,Tothemoon,https://exchangecatalogue.com/exchange/tothemoon/,passported,Brilliantscope Trading Limited,CySEC (Cyprus),9845009846V10FGD4840,LEI,Cyprus,a c d e f g j,2026-06-29,"ESMA interim MiCA register (CASPS), update of 24 Sep 2026",https://www.esma.europa.eu/sites/default/files/2024-12/CASPS.csv,2026-09-29,Licensed in Cyprus and notified to serve Austria.
AT,Austria,WhiteBIT,https://exchangecatalogue.com/exchange/whitebit/,licensed,WB-Shields Innovations GmbH (WhiteBIT EU),FMA (Austria),254900ERDZ4CZ5IF7P56,LEI,Austria,a c d f j,2026-06-18,"ESMA interim MiCA register (CASPS), update of 24 Sep 2026",https://www.esma.europa.eu/sites/default/files/2024-12/CASPS.csv,2026-09-29,
AT,Austria,XT.COM,https://exchangecatalogue.com/exchange/xt-com/,not_on_register,,,,,,,,"ESMA interim MiCA register (CASPS), update of 24 Sep 2026",https://www.esma.europa.eu/sites/default/files/2024-12/CASPS.csv,2026-09-29,Not on the ESMA register of MiCA licensed firms.
BE,Belgium,Backpack Exchange,https://exchangecatalogue.com/exchange/backpack-exchange/,passported,Trek Technologies SIA (Backpack EU),Latvijas Banka (Latvia),6488C2PNI17093U2YA18,LEI,Latvia,a c d e j,2026-05-27,"ESMA interim MiCA register (CASPS), update of 24 Sep 2026",https://www.esma.europa.eu/sites/default/files/2024-12/CASPS.csv,2026-09-29,Licensed in Latvia and notified to serve Belgium.
BE,Belgium,Binance,https://exchangecatalogue.com/exchange/binance/,not_on_register,,,,,,,,"ESMA interim MiCA register (CASPS), update of 24 Sep 2026",https://www.esma.europa.eu/sites/default/files/2024-12/CASPS.csv,2026-09-29,Not on the ESMA register of MiCA licensed firms. Binance does not hold a MiCA licence. It stopped new EU sign ups and restricted its services ahead of 1 July 2026.
BE,Belgium,BingX,https://exchangecatalogue.com/exchange/bingx/,not_on_register,,,,,,,,"ESMA interim MiCA register (CASPS), update of 24 Sep 2026",https://www.esma.europa.eu/sites/default/files/2024-12/CASPS.csv,2026-09-29,Not on the ESMA register of MiCA licensed firms.
BE,Belgium,Bitfinex,https://exchangecatalogue.com/exchange/bitfinex/,not_on_register,,,,,,,,"ESMA interim MiCA register (CASPS), update of 24 Sep 2026",https://www.esma.europa.eu/sites/default/files/2024-12/CASPS.csv,2026-09-29,Not on the ESMA register of MiCA licensed firms.
BE,Belgium,bitFlyer,https://exchangecatalogue.com/exchange/bitflyer/,passported,bitFlyer EUROPE S.A.,CSSF (Luxembourg),984500D4465EFA89EF38,LEI,Luxembourg,a c d e j,2026-06-26,"ESMA interim MiCA register (CASPS), update of 24 Sep 2026",https://www.esma.europa.eu/sites/default/files/2024-12/CASPS.csv,2026-09-29,Licensed in Luxembourg and notified to serve Belgium.
BE,Belgium,Bitget,https://exchangecatalogue.com/exchange/bitget/,not_on_register,,,,,,,,"ESMA interim MiCA register (CASPS), update of 24 Sep 2026",https://www.esma.europa.eu/sites/default/files/2024-12/CASPS.csv,2026-09-29,Not on the ESMA register of MiCA licensed firms. Its application to the Austrian FMA was still pending on the date checked.
BE,Belgium,BitMart,https://exchangecatalogue.com/exchange/bitmart/,not_on_register,,,,,,,,"ESMA interim MiCA register (CASPS), update of 24 Sep 2026",https://www.esma.europa.eu/sites/default/files/2024-12/CASPS.csv,2026-09-29,Not on the ESMA register of MiCA licensed firms.
BE,Belgium,Bitstamp,https://exchangecatalogue.com/exchange/bitstamp/,passported,Bitstamp Europe S.A.,CSSF (Luxembourg),549300XIBGTJ0PLIEO72,LEI,Luxembourg,a b c d e g j,2025-05-15,"ESMA interim MiCA register (CASPS), update of 24 Sep 2026",https://www.esma.europa.eu/sites/default/files/2024-12/CASPS.csv,2026-09-29,Licensed in Luxembourg and notified to serve Belgium.
BE,Belgium,Bitvavo,https://exchangecatalogue.com/exchange/bitvavo/,passported,Bitvavo B.V.,AFM (Netherlands),724500MX2WBKDJP9HE56,LEI,Netherlands,a b j,2025-06-26,"ESMA interim MiCA register (CASPS), update of 24 Sep 2026",https://www.esma.europa.eu/sites/default/files/2024-12/CASPS.csv,2026-09-29,Licensed in Netherlands and notified to serve Belgium.
BE,Belgium,Bullish,https://exchangecatalogue.com/exchange/bullish/,passported,Bullish Europe GmbH,BaFin (Germany),2549008CBASK5Q680X12,LEI,Germany,a c d e j,2025-09-04,"ESMA interim MiCA register (CASPS), update of 24 Sep 2026",https://www.esma.europa.eu/sites/default/files/2024-12/CASPS.csv,2026-09-29,Licensed in Germany and notified to serve Belgium.
BE,Belgium,Bybit,https://exchangecatalogue.com/exchange/bybit/,passported,Bybit EU GmbH,FMA (Austria),5299005V5GBSN2A4C303,LEI,Austria,a c d f j,2025-05-28,"ESMA interim MiCA register (CASPS), update of 24 Sep 2026",https://www.esma.europa.eu/sites/default/files/2024-12/CASPS.csv,2026-09-29,Licensed in Austria and notified to serve Belgium.
BE,Belgium,CEX.IO,https://exchangecatalogue.com/exchange/cex-io/,not_on_register,,,,,,,,"ESMA interim MiCA register (CASPS), update of 24 Sep 2026",https://www.esma.europa.eu/sites/default/files/2024-12/CASPS.csv,2026-09-29,Not on the ESMA register of MiCA licensed firms.
BE,Belgium,Coinbase,https://exchangecatalogue.com/exchange/coinbase-exchange/,passported,Coinbase Luxembourg S.A.,CSSF (Luxembourg),984500F14CA4571AAC11,LEI,Luxembourg,a c d e f g j,2025-06-20,"ESMA interim MiCA register (CASPS), update of 24 Sep 2026",https://www.esma.europa.eu/sites/default/files/2024-12/CASPS.csv,2026-09-29,Licensed in Luxembourg and notified to serve Belgium.
BE,Belgium,Crypto.com,https://exchangecatalogue.com/exchange/crypto-com-exchange/,passported,Foris DAX MT Limited,MFSA (Malta),2549005CVR5HH70FDO07,LEI,Malta,a c d e g j,2025-01-27,"ESMA interim MiCA register (CASPS), update of 24 Sep 2026",https://www.esma.europa.eu/sites/default/files/2024-12/CASPS.csv,2026-09-29,Licensed in Malta and notified to serve Belgium.
BE,Belgium,Gate,https://exchangecatalogue.com/exchange/gate/,passported,Gate Technology Limited,MFSA (Malta),984500D6A0F945BB5A15,LEI,Malta,a b c d e j,2025-09-29,"ESMA interim MiCA register (CASPS), update of 24 Sep 2026",https://www.esma.europa.eu/sites/default/files/2024-12/CASPS.csv,2026-09-29,Licensed in Malta and notified to serve Belgium.
BE,Belgium,Gemini,https://exchangecatalogue.com/exchange/gemini/,restricted_by_exchange,Gemini Intergalactic EU Ltd,MFSA (Malta),2138002QAMX8PPKSO715,LEI,Malta,a c d e f g j,2025-08-21,"ESMA interim MiCA register (CASPS), update of 24 Sep 2026",https://www.esma.europa.eu/sites/default/files/2024-12/CASPS.csv,2026-09-29,"Holds a MiCA licence, but Gemini closed all accounts in the EEA on 6 Apr 2026."
BE,Belgium,HTX,https://exchangecatalogue.com/exchange/htx/,not_on_register,,,,,,,,"ESMA interim MiCA register (CASPS), update of 24 Sep 2026",https://www.esma.europa.eu/sites/default/files/2024-12/CASPS.csv,2026-09-29,Not on the ESMA register of MiCA licensed firms.
BE,Belgium,Kanga,https://exchangecatalogue.com/exchange/kanga/,not_passported,SIA AlphaRoute (kangaexchange.eu),Latvijas Banka (Latvia),259400JCJJ78A4ZCXP93,LEI,Latvia,a b c d f j,2026-06-18,"ESMA interim MiCA register (CASPS), update of 24 Sep 2026",https://www.esma.europa.eu/sites/default/files/2024-12/CASPS.csv,2026-09-29,"Licensed in Latvia, but Belgium is not in its list of host countries."
BE,Belgium,Kraken,https://exchangecatalogue.com/exchange/kraken/,passported,Payward Europe Solutions Limited,Central Bank of Ireland,254900641D8KNHUZYX24,LEI,Ireland,a c d e f g i j,2025-06-25,"ESMA interim MiCA register (CASPS), update of 24 Sep 2026",https://www.esma.europa.eu/sites/default/files/2024-12/CASPS.csv,2026-09-29,Licensed in Ireland and notified to serve Belgium.
BE,Belgium,KuCoin,https://exchangecatalogue.com/exchange/kucoin/,passported,KuCoin EU Exchange GmbH,FMA (Austria),529900B4G0EGK7Z9KT45,LEI,Austria,a c d f j,2025-11-27,"ESMA interim MiCA register (CASPS), update of 24 Sep 2026",https://www.esma.europa.eu/sites/default/files/2024-12/CASPS.csv,2026-09-29,Licensed in Austria and notified to serve Belgium.
BE,Belgium,MEXC,https://exchangecatalogue.com/exchange/mexc/,not_on_register,,,,,,,,"ESMA interim MiCA register (CASPS), update of 24 Sep 2026",https://www.esma.europa.eu/sites/default/files/2024-12/CASPS.csv,2026-09-29,Not on the ESMA register of MiCA licensed firms.
BE,Belgium,OKX,https://exchangecatalogue.com/exchange/okx/,passported,OKX Europe Limited,MFSA (Malta),54930069NLWEIGLHXU42,LEI,Malta,a b c d e f g i j,2025-01-27,"ESMA interim MiCA register (CASPS), update of 24 Sep 2026",https://www.esma.europa.eu/sites/default/files/2024-12/CASPS.csv,2026-09-29,Licensed in Malta and notified to serve Belgium.
BE,Belgium,One Trading,https://exchangecatalogue.com/exchange/one-trading/,passported,One Trading Exchange B.V.,AFM (Netherlands),984500AA963ED2BA8460,LEI,Netherlands,a b,2025-05-15,"ESMA interim MiCA register (CASPS), update of 24 Sep 2026",https://www.esma.europa.eu/sites/default/files/2024-12/CASPS.csv,2026-09-29,Licensed in Netherlands and notified to serve Belgium.
BE,Belgium,Toobit,https://exchangecatalogue.com/exchange/toobit/,not_on_register,,,,,,,,"ESMA interim MiCA register (CASPS), update of 24 Sep 2026",https://www.esma.europa.eu/sites/default/files/2024-12/CASPS.csv,2026-09-29,Not on the ESMA register of MiCA licensed firms. Its terms name a Polish company as the EEA contracting party and cite no MiCA licence.
BE,Belgium,Tothemoon,https://exchangecatalogue.com/exchange/tothemoon/,passported,Brilliantscope Trading Limited,CySEC (Cyprus),9845009846V10FGD4840,LEI,Cyprus,a c d e f g j,2026-06-29,"ESMA interim MiCA register (CASPS), update of 24 Sep 2026",https://www.esma.europa.eu/sites/default/files/2024-12/CASPS.csv,2026-09-29,Licensed in Cyprus and notified to serve Belgium.
BE,Belgium,WhiteBIT,https://exchangecatalogue.com/exchange/whitebit/,passported,WB-Shields Innovations GmbH (WhiteBIT EU),FMA (Austria),254900ERDZ4CZ5IF7P56,LEI,Austria,a c d f j,2026-06-18,"ESMA interim MiCA register (CASPS), update of 24 Sep 2026",https://www.esma.europa.eu/sites/default/files/2024-12/CASPS.csv,2026-09-29,Licensed in Austria and notified to serve Belgium.
BE,Belgium,XT.COM,https://exchangecatalogue.com/exchange/xt-com/,not_on_register,,,,,,,,"ESMA interim MiCA register (CASPS), update of 24 Sep 2026",https://www.esma.europa.eu/sites/default/files/2024-12/CASPS.csv,2026-09-29,Not on the ESMA register of MiCA licensed firms.
BG,Bulgaria,Backpack Exchange,https://exchangecatalogue.com/exchange/backpack-exchange/,passported,Trek Technologies SIA (Backpack EU),Latvijas Banka (Latvia),6488C2PNI17093U2YA18,LEI,Latvia,a c d e j,2026-05-27,"ESMA interim MiCA register (CASPS), update of 24 Sep 2026",https://www.esma.europa.eu/sites/default/files/2024-12/CASPS.csv,2026-09-29,Licensed in Latvia and notified to serve Bulgaria.
BG,Bulgaria,Binance,https://exchangecatalogue.com/exchange/binance/,not_on_register,,,,,,,,"ESMA interim MiCA register (CASPS), update of 24 Sep 2026",https://www.esma.europa.eu/sites/default/files/2024-12/CASPS.csv,2026-09-29,Not on the ESMA register of MiCA licensed firms. Binance does not hold a MiCA licence. It stopped new EU sign ups and restricted its services ahead of 1 July 2026.
BG,Bulgaria,BingX,https://exchangecatalogue.com/exchange/bingx/,not_on_register,,,,,,,,"ESMA interim MiCA register (CASPS), update of 24 Sep 2026",https://www.esma.europa.eu/sites/default/files/2024-12/CASPS.csv,2026-09-29,Not on the ESMA register of MiCA licensed firms.
BG,Bulgaria,Bitfinex,https://exchangecatalogue.com/exchange/bitfinex/,not_on_register,,,,,,,,"ESMA interim MiCA register (CASPS), update of 24 Sep 2026",https://www.esma.europa.eu/sites/default/files/2024-12/CASPS.csv,2026-09-29,Not on the ESMA register of MiCA licensed firms.
BG,Bulgaria,bitFlyer,https://exchangecatalogue.com/exchange/bitflyer/,passported,bitFlyer EUROPE S.A.,CSSF (Luxembourg),984500D4465EFA89EF38,LEI,Luxembourg,a c d e j,2026-06-26,"ESMA interim MiCA register (CASPS), update of 24 Sep 2026",https://www.esma.europa.eu/sites/default/files/2024-12/CASPS.csv,2026-09-29,Licensed in Luxembourg and notified to serve Bulgaria.
BG,Bulgaria,Bitget,https://exchangecatalogue.com/exchange/bitget/,not_on_register,,,,,,,,"ESMA interim MiCA register (CASPS), update of 24 Sep 2026",https://www.esma.europa.eu/sites/default/files/2024-12/CASPS.csv,2026-09-29,Not on the ESMA register of MiCA licensed firms. Its application to the Austrian FMA was still pending on the date checked.
BG,Bulgaria,BitMart,https://exchangecatalogue.com/exchange/bitmart/,not_on_register,,,,,,,,"ESMA interim MiCA register (CASPS), update of 24 Sep 2026",https://www.esma.europa.eu/sites/default/files/2024-12/CASPS.csv,2026-09-29,Not on the ESMA register of MiCA licensed firms.
BG,Bulgaria,Bitstamp,https://exchangecatalogue.com/exchange/bitstamp/,passported,Bitstamp Europe S.A.,CSSF (Luxembourg),549300XIBGTJ0PLIEO72,LEI,Luxembourg,a b c d e g j,2025-05-15,"ESMA interim MiCA register (CASPS), update of 24 Sep 2026",https://www.esma.europa.eu/sites/default/files/2024-12/CASPS.csv,2026-09-29,Licensed in Luxembourg and notified to serve Bulgaria.
BG,Bulgaria,Bitvavo,https://exchangecatalogue.com/exchange/bitvavo/,passported,Bitvavo B.V.,AFM (Netherlands),724500MX2WBKDJP9HE56,LEI,Netherlands,a b j,2025-06-26,"ESMA interim MiCA register (CASPS), update of 24 Sep 2026",https://www.esma.europa.eu/sites/default/files/2024-12/CASPS.csv,2026-09-29,Licensed in Netherlands and notified to serve Bulgaria.
BG,Bulgaria,Bullish,https://exchangecatalogue.com/exchange/bullish/,passported,Bullish Europe GmbH,BaFin (Germany),2549008CBASK5Q680X12,LEI,Germany,a c d e j,2025-09-04,"ESMA interim MiCA register (CASPS), update of 24 Sep 2026",https://www.esma.europa.eu/sites/default/files/2024-12/CASPS.csv,2026-09-29,Licensed in Germany and notified to serve Bulgaria.
BG,Bulgaria,Bybit,https://exchangecatalogue.com/exchange/bybit/,passported,Bybit EU GmbH,FMA (Austria),5299005V5GBSN2A4C303,LEI,Austria,a c d f j,2025-05-28,"ESMA interim MiCA register (CASPS), update of 24 Sep 2026",https://www.esma.europa.eu/sites/default/files/2024-12/CASPS.csv,2026-09-29,Licensed in Austria and notified to serve Bulgaria.
BG,Bulgaria,CEX.IO,https://exchangecatalogue.com/exchange/cex-io/,not_on_register,,,,,,,,"ESMA interim MiCA register (CASPS), update of 24 Sep 2026",https://www.esma.europa.eu/sites/default/files/2024-12/CASPS.csv,2026-09-29,Not on the ESMA register of MiCA licensed firms.
BG,Bulgaria,Coinbase,https://exchangecatalogue.com/exchange/coinbase-exchange/,passported,Coinbase Luxembourg S.A.,CSSF (Luxembourg),984500F14CA4571AAC11,LEI,Luxembourg,a c d e f g j,2025-06-20,"ESMA interim MiCA register (CASPS), update of 24 Sep 2026",https://www.esma.europa.eu/sites/default/files/2024-12/CASPS.csv,2026-09-29,Licensed in Luxembourg and notified to serve Bulgaria.
BG,Bulgaria,Crypto.com,https://exchangecatalogue.com/exchange/crypto-com-exchange/,passported,Foris DAX MT Limited,MFSA (Malta),2549005CVR5HH70FDO07,LEI,Malta,a c d e g j,2025-01-27,"ESMA interim MiCA register (CASPS), update of 24 Sep 2026",https://www.esma.europa.eu/sites/default/files/2024-12/CASPS.csv,2026-09-29,Licensed in Malta and notified to serve Bulgaria.
BG,Bulgaria,Gate,https://exchangecatalogue.com/exchange/gate/,passported,Gate Technology Limited,MFSA (Malta),984500D6A0F945BB5A15,LEI,Malta,a b c d e j,2025-09-29,"ESMA interim MiCA register (CASPS), update of 24 Sep 2026",https://www.esma.europa.eu/sites/default/files/2024-12/CASPS.csv,2026-09-29,Licensed in Malta and notified to serve Bulgaria.
BG,Bulgaria,Gemini,https://exchangecatalogue.com/exchange/gemini/,restricted_by_exchange,Gemini Intergalactic EU Ltd,MFSA (Malta),2138002QAMX8PPKSO715,LEI,Malta,a c d e f g j,2025-08-21,"ESMA interim MiCA register (CASPS), update of 24 Sep 2026",https://www.esma.europa.eu/sites/default/files/2024-12/CASPS.csv,2026-09-29,"Holds a MiCA licence, but Gemini closed all accounts in the EEA on 6 Apr 2026."
BG,Bulgaria,HTX,https://exchangecatalogue.com/exchange/htx/,not_on_register,,,,,,,,"ESMA interim MiCA register (CASPS), update of 24 Sep 2026",https://www.esma.europa.eu/sites/default/files/2024-12/CASPS.csv,2026-09-29,Not on the ESMA register of MiCA licensed firms.
BG,Bulgaria,Kanga,https://exchangecatalogue.com/exchange/kanga/,passported,SIA AlphaRoute (kangaexchange.eu),Latvijas Banka (Latvia),259400JCJJ78A4ZCXP93,LEI,Latvia,a b c d f j,2026-06-18,"ESMA interim MiCA register (CASPS), update of 24 Sep 2026",https://www.esma.europa.eu/sites/default/files/2024-12/CASPS.csv,2026-09-29,Licensed in Latvia and notified to serve Bulgaria.
BG,Bulgaria,Kraken,https://exchangecatalogue.com/exchange/kraken/,passported,Payward Europe Solutions Limited,Central Bank of Ireland,254900641D8KNHUZYX24,LEI,Ireland,a c d e f g i j,2025-06-25,"ESMA interim MiCA register (CASPS), update of 24 Sep 2026",https://www.esma.europa.eu/sites/default/files/2024-12/CASPS.csv,2026-09-29,Licensed in Ireland and notified to serve Bulgaria.
BG,Bulgaria,KuCoin,https://exchangecatalogue.com/exchange/kucoin/,passported,KuCoin EU Exchange GmbH,FMA (Austria),529900B4G0EGK7Z9KT45,LEI,Austria,a c d f j,2025-11-27,"ESMA interim MiCA register (CASPS), update of 24 Sep 2026",https://www.esma.europa.eu/sites/default/files/2024-12/CASPS.csv,2026-09-29,Licensed in Austria and notified to serve Bulgaria.
BG,Bulgaria,MEXC,https://exchangecatalogue.com/exchange/mexc/,not_on_register,,,,,,,,"ESMA interim MiCA register (CASPS), update of 24 Sep 2026",https://www.esma.europa.eu/sites/default/files/2024-12/CASPS.csv,2026-09-29,Not on the ESMA register of MiCA licensed firms.
BG,Bulgaria,OKX,https://exchangecatalogue.com/exchange/okx/,passported,OKX Europe Limited,MFSA (Malta),54930069NLWEIGLHXU42,LEI,Malta,a b c d e f g i j,2025-01-27,"ESMA interim MiCA register (CASPS), update of 24 Sep 2026",https://www.esma.europa.eu/sites/default/files/2024-12/CASPS.csv,2026-09-29,Licensed in Malta and notified to serve Bulgaria.
BG,Bulgaria,One Trading,https://exchangecatalogue.com/exchange/one-trading/,passported,One Trading Exchange B.V.,AFM (Netherlands),984500AA963ED2BA8460,LEI,Netherlands,a b,2025-05-15,"ESMA interim MiCA register (CASPS), update of 24 Sep 2026",https://www.esma.europa.eu/sites/default/files/2024-12/CASPS.csv,2026-09-29,Licensed in Netherlands and notified to serve Bulgaria.
BG,Bulgaria,Toobit,https://exchangecatalogue.com/exchange/toobit/,not_on_register,,,,,,,,"ESMA interim MiCA register (CASPS), update of 24 Sep 2026",https://www.esma.europa.eu/sites/default/files/2024-12/CASPS.csv,2026-09-29,Not on the ESMA register of MiCA licensed firms. Its terms name a Polish company as the EEA contracting party and cite no MiCA licence.
BG,Bulgaria,Tothemoon,https://exchangecatalogue.com/exchange/tothemoon/,passported,Brilliantscope Trading Limited,CySEC (Cyprus),9845009846V10FGD4840,LEI,Cyprus,a c d e f g j,2026-06-29,"ESMA interim MiCA register (CASPS), update of 24 Sep 2026",https://www.esma.europa.eu/sites/default/files/2024-12/CASPS.csv,2026-09-29,Licensed in Cyprus and notified to serve Bulgaria.
BG,Bulgaria,WhiteBIT,https://exchangecatalogue.com/exchange/whitebit/,passported,WB-Shields Innovations GmbH (WhiteBIT EU),FMA (Austria),254900ERDZ4CZ5IF7P56,LEI,Austria,a c d f j,2026-06-18,"ESMA interim MiCA register (CASPS), update of 24 Sep 2026",https://www.esma.europa.eu/sites/default/files/2024-12/CASPS.csv,2026-09-29,Licensed in Austria and notified to serve Bulgaria.
BG,Bulgaria,XT.COM,https://exchangecatalogue.com/exchange/xt-com/,not_on_register,,,,,,,,"ESMA interim MiCA register (CASPS), update of 24 Sep 2026",https://www.esma.europa.eu/sites/default/files/2024-12/CASPS.csv,2026-09-29,Not on the ESMA register of MiCA licensed firms.
HR,Croatia,Backpack Exchange,https://exchangecatalogue.com/exchange/backpack-exchange/,passported,Trek Technologies SIA (Backpack EU),Latvijas Banka (Latvia),6488C2PNI17093U2YA18,LEI,Latvia,a c d e j,2026-05-27,"ESMA interim MiCA register (CASPS), update of 24 Sep 2026",https://www.esma.europa.eu/sites/default/files/2024-12/CASPS.csv,2026-09-29,Licensed in Latvia and notified to serve Croatia.
HR,Croatia,Binance,https://exchangecatalogue.com/exchange/binance/,not_on_register,,,,,,,,"ESMA interim MiCA register (CASPS), update of 24 Sep 2026",https://www.esma.europa.eu/sites/default/files/2024-12/CASPS.csv,2026-09-29,Not on the ESMA register of MiCA licensed firms. Binance does not hold a MiCA licence. It stopped new EU sign ups and restricted its services ahead of 1 July 2026.
HR,Croatia,BingX,https://exchangecatalogue.com/exchange/bingx/,not_on_register,,,,,,,,"ESMA interim MiCA register (CASPS), update of 24 Sep 2026",https://www.esma.europa.eu/sites/default/files/2024-12/CASPS.csv,2026-09-29,Not on the ESMA register of MiCA licensed firms.
HR,Croatia,Bitfinex,https://exchangecatalogue.com/exchange/bitfinex/,not_on_register,,,,,,,,"ESMA interim MiCA register (CASPS), update of 24 Sep 2026",https://www.esma.europa.eu/sites/default/files/2024-12/CASPS.csv,2026-09-29,Not on the ESMA register of MiCA licensed firms.
HR,Croatia,bitFlyer,https://exchangecatalogue.com/exchange/bitflyer/,passported,bitFlyer EUROPE S.A.,CSSF (Luxembourg),984500D4465EFA89EF38,LEI,Luxembourg,a c d e j,2026-06-26,"ESMA interim MiCA register (CASPS), update of 24 Sep 2026",https://www.esma.europa.eu/sites/default/files/2024-12/CASPS.csv,2026-09-29,Licensed in Luxembourg and notified to serve Croatia.
HR,Croatia,Bitget,https://exchangecatalogue.com/exchange/bitget/,not_on_register,,,,,,,,"ESMA interim MiCA register (CASPS), update of 24 Sep 2026",https://www.esma.europa.eu/sites/default/files/2024-12/CASPS.csv,2026-09-29,Not on the ESMA register of MiCA licensed firms. Its application to the Austrian FMA was still pending on the date checked.
HR,Croatia,BitMart,https://exchangecatalogue.com/exchange/bitmart/,not_on_register,,,,,,,,"ESMA interim MiCA register (CASPS), update of 24 Sep 2026",https://www.esma.europa.eu/sites/default/files/2024-12/CASPS.csv,2026-09-29,Not on the ESMA register of MiCA licensed firms.
HR,Croatia,Bitstamp,https://exchangecatalogue.com/exchange/bitstamp/,passported,Bitstamp Europe S.A.,CSSF (Luxembourg),549300XIBGTJ0PLIEO72,LEI,Luxembourg,a b c d e g j,2025-05-15,"ESMA interim MiCA register (CASPS), update of 24 Sep 2026",https://www.esma.europa.eu/sites/default/files/2024-12/CASPS.csv,2026-09-29,Licensed in Luxembourg and notified to serve Croatia.
HR,Croatia,Bitvavo,https://exchangecatalogue.com/exchange/bitvavo/,passported,Bitvavo B.V.,AFM (Netherlands),724500MX2WBKDJP9HE56,LEI,Netherlands,a b j,2025-06-26,"ESMA interim MiCA register (CASPS), update of 24 Sep 2026",https://www.esma.europa.eu/sites/default/files/2024-12/CASPS.csv,2026-09-29,Licensed in Netherlands and notified to serve Croatia.
HR,Croatia,Bullish,https://exchangecatalogue.com/exchange/bullish/,passported,Bullish Europe GmbH,BaFin (Germany),2549008CBASK5Q680X12,LEI,Germany,a c d e j,2025-09-04,"ESMA interim MiCA register (CASPS), update of 24 Sep 2026",https://www.esma.europa.eu/sites/default/files/2024-12/CASPS.csv,2026-09-29,Licensed in Germany and notified to serve Croatia.
HR,Croatia,Bybit,https://exchangecatalogue.com/exchange/bybit/,passported,Bybit EU GmbH,FMA (Austria),5299005V5GBSN2A4C303,LEI,Austria,a c d f j,2025-05-28,"ESMA interim MiCA register (CASPS), update of 24 Sep 2026",https://www.esma.europa.eu/sites/default/files/2024-12/CASPS.csv,2026-09-29,Licensed in Austria and notified to serve Croatia.
HR,Croatia,CEX.IO,https://exchangecatalogue.com/exchange/cex-io/,not_on_register,,,,,,,,"ESMA interim MiCA register (CASPS), update of 24 Sep 2026",https://www.esma.europa.eu/sites/default/files/2024-12/CASPS.csv,2026-09-29,Not on the ESMA register of MiCA licensed firms.
HR,Croatia,Coinbase,https://exchangecatalogue.com/exchange/coinbase-exchange/,passported,Coinbase Luxembourg S.A.,CSSF (Luxembourg),984500F14CA4571AAC11,LEI,Luxembourg,a c d e f g j,2025-06-20,"ESMA interim MiCA register (CASPS), update of 24 Sep 2026",https://www.esma.europa.eu/sites/default/files/2024-12/CASPS.csv,2026-09-29,Licensed in Luxembourg and notified to serve Croatia.
HR,Croatia,Crypto.com,https://exchangecatalogue.com/exchange/crypto-com-exchange/,passported,Foris DAX MT Limited,MFSA (Malta),2549005CVR5HH70FDO07,LEI,Malta,a c d e g j,2025-01-27,"ESMA interim MiCA register (CASPS), update of 24 Sep 2026",https://www.esma.europa.eu/sites/default/files/2024-12/CASPS.csv,2026-09-29,Licensed in Malta and notified to serve Croatia.
HR,Croatia,Gate,https://exchangecatalogue.com/exchange/gate/,passported,Gate Technology Limited,MFSA (Malta),984500D6A0F945BB5A15,LEI,Malta,a b c d e j,2025-09-29,"ESMA interim MiCA register (CASPS), update of 24 Sep 2026",https://www.esma.europa.eu/sites/default/files/2024-12/CASPS.csv,2026-09-29,Licensed in Malta and notified to serve Croatia.
HR,Croatia,Gemini,https://exchangecatalogue.com/exchange/gemini/,restricted_by_exchange,Gemini Intergalactic EU Ltd,MFSA (Malta),2138002QAMX8PPKSO715,LEI,Malta,a c d e f g j,2025-08-21,"ESMA interim MiCA register (CASPS), update of 24 Sep 2026",https://www.esma.europa.eu/sites/default/files/2024-12/CASPS.csv,2026-09-29,"Holds a MiCA licence, but Gemini closed all accounts in the EEA on 6 Apr 2026."
HR,Croatia,HTX,https://exchangecatalogue.com/exchange/htx/,not_on_register,,,,,,,,"ESMA interim MiCA register (CASPS), update of 24 Sep 2026",https://www.esma.europa.eu/sites/default/files/2024-12/CASPS.csv,2026-09-29,Not on the ESMA register of MiCA licensed firms.
HR,Croatia,Kanga,https://exchangecatalogue.com/exchange/kanga/,passported,SIA AlphaRoute (kangaexchange.eu),Latvijas Banka (Latvia),259400JCJJ78A4ZCXP93,LEI,Latvia,a b c d f j,2026-06-18,"ESMA interim MiCA register (CASPS), update of 24 Sep 2026",https://www.esma.europa.eu/sites/default/files/2024-12/CASPS.csv,2026-09-29,Licensed in Latvia and notified to serve Croatia.
HR,Croatia,Kraken,https://exchangecatalogue.com/exchange/kraken/,passported,Payward Europe Solutions Limited,Central Bank of Ireland,254900641D8KNHUZYX24,LEI,Ireland,a c d e f g i j,2025-06-25,"ESMA interim MiCA register (CASPS), update of 24 Sep 2026",https://www.esma.europa.eu/sites/default/files/2024-12/CASPS.csv,2026-09-29,Licensed in Ireland and notified to serve Croatia.
HR,Croatia,KuCoin,https://exchangecatalogue.com/exchange/kucoin/,passported,KuCoin EU Exchange GmbH,FMA (Austria),529900B4G0EGK7Z9KT45,LEI,Austria,a c d f j,2025-11-27,"ESMA interim MiCA register (CASPS), update of 24 Sep 2026",https://www.esma.europa.eu/sites/default/files/2024-12/CASPS.csv,2026-09-29,Licensed in Austria and notified to serve Croatia.
HR,Croatia,MEXC,https://exchangecatalogue.com/exchange/mexc/,not_on_register,,,,,,,,"ESMA interim MiCA register (CASPS), update of 24 Sep 2026",https://www.esma.europa.eu/sites/default/files/2024-12/CASPS.csv,2026-09-29,Not on the ESMA register of MiCA licensed firms.
HR,Croatia,OKX,https://exchangecatalogue.com/exchange/okx/,passported,OKX Europe Limited,MFSA (Malta),54930069NLWEIGLHXU42,LEI,Malta,a b c d e f g i j,2025-01-27,"ESMA interim MiCA register (CASPS), update of 24 Sep 2026",https://www.esma.europa.eu/sites/default/files/2024-12/CASPS.csv,2026-09-29,Licensed in Malta and notified to serve Croatia.
HR,Croatia,One Trading,https://exchangecatalogue.com/exchange/one-trading/,passported,One Trading Exchange B.V.,AFM (Netherlands),984500AA963ED2BA8460,LEI,Netherlands,a b,2025-05-15,"ESMA interim MiCA register (CASPS), update of 24 Sep 2026",https://www.esma.europa.eu/sites/default/files/2024-12/CASPS.csv,2026-09-29,Licensed in Netherlands and notified to serve Croatia.
HR,Croatia,Toobit,https://exchangecatalogue.com/exchange/toobit/,not_on_register,,,,,,,,"ESMA interim MiCA register (CASPS), update of 24 Sep 2026",https://www.esma.europa.eu/sites/default/files/2024-12/CASPS.csv,2026-09-29,Not on the ESMA register of MiCA licensed firms. Its terms name a Polish company as the EEA contracting party and cite no MiCA licence.
HR,Croatia,Tothemoon,https://exchangecatalogue.com/exchange/tothemoon/,passported,Brilliantscope Trading Limited,CySEC (Cyprus),9845009846V10FGD4840,LEI,Cyprus,a c d e f g j,2026-06-29,"ESMA interim MiCA register (CASPS), update of 24 Sep 2026",https://www.esma.europa.eu/sites/default/files/2024-12/CASPS.csv,2026-09-29,Licensed in Cyprus and notified to serve Croatia.
HR,Croatia,WhiteBIT,https://exchangecatalogue.com/exchange/whitebit/,passported,WB-Shields Innovations GmbH (WhiteBIT EU),FMA (Austria),254900ERDZ4CZ5IF7P56,LEI,Austria,a c d f j,2026-06-18,"ESMA interim MiCA register (CASPS), update of 24 Sep 2026",https://www.esma.europa.eu/sites/default/files/2024-12/CASPS.csv,2026-09-29,Licensed in Austria and notified to serve Croatia.
HR,Croatia,XT.COM,https://exchangecatalogue.com/exchange/xt-com/,not_on_register,,,,,,,,"ESMA interim MiCA register (CASPS), update of 24 Sep 2026",https://www.esma.europa.eu/sites/default/files/2024-12/CASPS.csv,2026-09-29,Not on the ESMA register of MiCA licensed firms.
CY,Cyprus,Backpack Exchange,https://exchangecatalogue.com/exchange/backpack-exchange/,passported,Trek Technologies SIA (Backpack EU),Latvijas Banka (Latvia),6488C2PNI17093U2YA18,LEI,Latvia,a c d e j,2026-05-27,"ESMA interim MiCA register (CASPS), update of 24 Sep 2026",https://www.esma.europa.eu/sites/default/files/2024-12/CASPS.csv,2026-09-29,Licensed in Latvia and notified to serve Cyprus.
CY,Cyprus,Binance,https://exchangecatalogue.com/exchange/binance/,not_on_register,,,,,,,,"ESMA interim MiCA register (CASPS), update of 24 Sep 2026",https://www.esma.europa.eu/sites/default/files/2024-12/CASPS.csv,2026-09-29,Not on the ESMA register of MiCA licensed firms. Binance does not hold a MiCA licence. It stopped new EU sign ups and restricted its services ahead of 1 July 2026.
CY,Cyprus,BingX,https://exchangecatalogue.com/exchange/bingx/,not_on_register,,,,,,,,"ESMA interim MiCA register (CASPS), update of 24 Sep 2026",https://www.esma.europa.eu/sites/default/files/2024-12/CASPS.csv,2026-09-29,Not on the ESMA register of MiCA licensed firms.
CY,Cyprus,Bitfinex,https://exchangecatalogue.com/exchange/bitfinex/,not_on_register,,,,,,,,"ESMA interim MiCA register (CASPS), update of 24 Sep 2026",https://www.esma.europa.eu/sites/default/files/2024-12/CASPS.csv,2026-09-29,Not on the ESMA register of MiCA licensed firms.
CY,Cyprus,bitFlyer,https://exchangecatalogue.com/exchange/bitflyer/,passported,bitFlyer EUROPE S.A.,CSSF (Luxembourg),984500D4465EFA89EF38,LEI,Luxembourg,a c d e j,2026-06-26,"ESMA interim MiCA register (CASPS), update of 24 Sep 2026",https://www.esma.europa.eu/sites/default/files/2024-12/CASPS.csv,2026-09-29,Licensed in Luxembourg and notified to serve Cyprus.
CY,Cyprus,Bitget,https://exchangecatalogue.com/exchange/bitget/,not_on_register,,,,,,,,"ESMA interim MiCA register (CASPS), update of 24 Sep 2026",https://www.esma.europa.eu/sites/default/files/2024-12/CASPS.csv,2026-09-29,Not on the ESMA register of MiCA licensed firms. Its application to the Austrian FMA was still pending on the date checked.
CY,Cyprus,BitMart,https://exchangecatalogue.com/exchange/bitmart/,not_on_register,,,,,,,,"ESMA interim MiCA register (CASPS), update of 24 Sep 2026",https://www.esma.europa.eu/sites/default/files/2024-12/CASPS.csv,2026-09-29,Not on the ESMA register of MiCA licensed firms.
CY,Cyprus,Bitstamp,https://exchangecatalogue.com/exchange/bitstamp/,passported,Bitstamp Europe S.A.,CSSF (Luxembourg),549300XIBGTJ0PLIEO72,LEI,Luxembourg,a b c d e g j,2025-05-15,"ESMA interim MiCA register (CASPS), update of 24 Sep 2026",https://www.esma.europa.eu/sites/default/files/2024-12/CASPS.csv,2026-09-29,Licensed in Luxembourg and notified to serve Cyprus.
CY,Cyprus,Bitvavo,https://exchangecatalogue.com/exchange/bitvavo/,passported,Bitvavo B.V.,AFM (Netherlands),724500MX2WBKDJP9HE56,LEI,Netherlands,a b j,2025-06-26,"ESMA interim MiCA register (CASPS), update of 24 Sep 2026",https://www.esma.europa.eu/sites/default/files/2024-12/CASPS.csv,2026-09-29,Licensed in Netherlands and notified to serve Cyprus.
CY,Cyprus,Bullish,https://exchangecatalogue.com/exchange/bullish/,passported,Bullish Europe GmbH,BaFin (Germany),2549008CBASK5Q680X12,LEI,Germany,a c d e j,2025-09-04,"ESMA interim MiCA register (CASPS), update of 24 Sep 2026",https://www.esma.europa.eu/sites/default/files/2024-12/CASPS.csv,2026-09-29,Licensed in Germany and notified to serve Cyprus.
CY,Cyprus,Bybit,https://exchangecatalogue.com/exchange/bybit/,passported,Bybit EU GmbH,FMA (Austria),5299005V5GBSN2A4C303,LEI,Austria,a c d f j,2025-05-28,"ESMA interim MiCA register (CASPS), update of 24 Sep 2026",https://www.esma.europa.eu/sites/default/files/2024-12/CASPS.csv,2026-09-29,Licensed in Austria and notified to serve Cyprus.
CY,Cyprus,CEX.IO,https://exchangecatalogue.com/exchange/cex-io/,not_on_register,,,,,,,,"ESMA interim MiCA register (CASPS), update of 24 Sep 2026",https://www.esma.europa.eu/sites/default/files/2024-12/CASPS.csv,2026-09-29,Not on the ESMA register of MiCA licensed firms.
CY,Cyprus,Coinbase,https://exchangecatalogue.com/exchange/coinbase-exchange/,passported,Coinbase Luxembourg S.A.,CSSF (Luxembourg),984500F14CA4571AAC11,LEI,Luxembourg,a c d e f g j,2025-06-20,"ESMA interim MiCA register (CASPS), update of 24 Sep 2026",https://www.esma.europa.eu/sites/default/files/2024-12/CASPS.csv,2026-09-29,Licensed in Luxembourg and notified to serve Cyprus.
CY,Cyprus,Crypto.com,https://exchangecatalogue.com/exchange/crypto-com-exchange/,passported,Foris DAX MT Limited,MFSA (Malta),2549005CVR5HH70FDO07,LEI,Malta,a c d e g j,2025-01-27,"ESMA interim MiCA register (CASPS), update of 24 Sep 2026",https://www.esma.europa.eu/sites/default/files/2024-12/CASPS.csv,2026-09-29,Licensed in Malta and notified to serve Cyprus.
CY,Cyprus,Gate,https://exchangecatalogue.com/exchange/gate/,passported,Gate Technology Limited,MFSA (Malta),984500D6A0F945BB5A15,LEI,Malta,a b c d e j,2025-09-29,"ESMA interim MiCA register (CASPS), update of 24 Sep 2026",https://www.esma.europa.eu/sites/default/files/2024-12/CASPS.csv,2026-09-29,Licensed in Malta and notified to serve Cyprus.
CY,Cyprus,Gemini,https://exchangecatalogue.com/exchange/gemini/,restricted_by_exchange,Gemini Intergalactic EU Ltd,MFSA (Malta),2138002QAMX8PPKSO715,LEI,Malta,a c d e f g j,2025-08-21,"ESMA interim MiCA register (CASPS), update of 24 Sep 2026",https://www.esma.europa.eu/sites/default/files/2024-12/CASPS.csv,2026-09-29,"Holds a MiCA licence, but Gemini closed all accounts in the EEA on 6 Apr 2026."
CY,Cyprus,HTX,https://exchangecatalogue.com/exchange/htx/,not_on_register,,,,,,,,"ESMA interim MiCA register (CASPS), update of 24 Sep 2026",https://www.esma.europa.eu/sites/default/files/2024-12/CASPS.csv,2026-09-29,Not on the ESMA register of MiCA licensed firms.
CY,Cyprus,Kanga,https://exchangecatalogue.com/exchange/kanga/,not_passported,SIA AlphaRoute (kangaexchange.eu),Latvijas Banka (Latvia),259400JCJJ78A4ZCXP93,LEI,Latvia,a b c d f j,2026-06-18,"ESMA interim MiCA register (CASPS), update of 24 Sep 2026",https://www.esma.europa.eu/sites/default/files/2024-12/CASPS.csv,2026-09-29,"Licensed in Latvia, but Cyprus is not in its list of host countries."
CY,Cyprus,Kraken,https://exchangecatalogue.com/exchange/kraken/,passported,Payward Europe Solutions Limited,Central Bank of Ireland,254900641D8KNHUZYX24,LEI,Ireland,a c d e f g i j,2025-06-25,"ESMA interim MiCA register (CASPS), update of 24 Sep 2026",https://www.esma.europa.eu/sites/default/files/2024-12/CASPS.csv,2026-09-29,Licensed in Ireland and notified to serve Cyprus.
CY,Cyprus,KuCoin,https://exchangecatalogue.com/exchange/kucoin/,passported,KuCoin EU Exchange GmbH,FMA (Austria),529900B4G0EGK7Z9KT45,LEI,Austria,a c d f j,2025-11-27,"ESMA interim MiCA register (CASPS), update of 24 Sep 2026",https://www.esma.europa.eu/sites/default/files/2024-12/CASPS.csv,2026-09-29,Licensed in Austria and notified to serve Cyprus.
CY,Cyprus,MEXC,https://exchangecatalogue.com/exchange/mexc/,not_on_register,,,,,,,,"ESMA interim MiCA register (CASPS), update of 24 Sep 2026",https://www.esma.europa.eu/sites/default/files/2024-12/CASPS.csv,2026-09-29,Not on the ESMA register of MiCA licensed firms.
CY,Cyprus,OKX,https://exchangecatalogue.com/exchange/okx/,passported,OKX Europe Limited,MFSA (Malta),54930069NLWEIGLHXU42,LEI,Malta,a b c d e f g i j,2025-01-27,"ESMA interim MiCA register (CASPS), update of 24 Sep 2026",https://www.esma.europa.eu/sites/default/files/2024-12/CASPS.csv,2026-09-29,Licensed in Malta and notified to serve Cyprus.
CY,Cyprus,One Trading,https://exchangecatalogue.com/exchange/one-trading/,passported,One Trading Exchange B.V.,AFM (Netherlands),984500AA963ED2BA8460,LEI,Netherlands,a b,2025-05-15,"ESMA interim MiCA register (CASPS), update of 24 Sep 2026",https://www.esma.europa.eu/sites/default/files/2024-12/CASPS.csv,2026-09-29,Licensed in Netherlands and notified to serve Cyprus.
CY,Cyprus,Toobit,https://exchangecatalogue.com/exchange/toobit/,not_on_register,,,,,,,,"ESMA interim MiCA register (CASPS), update of 24 Sep 2026",https://www.esma.europa.eu/sites/default/files/2024-12/CASPS.csv,2026-09-29,Not on the ESMA register of MiCA licensed firms. Its terms name a Polish company as the EEA contracting party and cite no MiCA licence.
CY,Cyprus,Tothemoon,https://exchangecatalogue.com/exchange/tothemoon/,licensed,Brilliantscope Trading Limited,CySEC (Cyprus),9845009846V10FGD4840,LEI,Cyprus,a c d e f g j,2026-06-29,"ESMA interim MiCA register (CASPS), update of 24 Sep 2026",https://www.esma.europa.eu/sites/default/files/2024-12/CASPS.csv,2026-09-29,
CY,Cyprus,WhiteBIT,https://exchangecatalogue.com/exchange/whitebit/,passported,WB-Shields Innovations GmbH (WhiteBIT EU),FMA (Austria),254900ERDZ4CZ5IF7P56,LEI,Austria,a c d f j,2026-06-18,"ESMA interim MiCA register (CASPS), update of 24 Sep 2026",https://www.esma.europa.eu/sites/default/files/2024-12/CASPS.csv,2026-09-29,Licensed in Austria and notified to serve Cyprus.
CY,Cyprus,XT.COM,https://exchangecatalogue.com/exchange/xt-com/,not_on_register,,,,,,,,"ESMA interim MiCA register (CASPS), update of 24 Sep 2026",https://www.esma.europa.eu/sites/default/files/2024-12/CASPS.csv,2026-09-29,Not on the ESMA register of MiCA licensed firms.
CZ,Czechia,Backpack Exchange,https://exchangecatalogue.com/exchange/backpack-exchange/,passported,Trek Technologies SIA (Backpack EU),Latvijas Banka (Latvia),6488C2PNI17093U2YA18,LEI,Latvia,a c d e j,2026-05-27,"ESMA interim MiCA register (CASPS), update of 24 Sep 2026",https://www.esma.europa.eu/sites/default/files/2024-12/CASPS.csv,2026-09-29,Licensed in Latvia and notified to serve Czechia.
CZ,Czechia,Binance,https://exchangecatalogue.com/exchange/binance/,not_on_register,,,,,,,,"ESMA interim MiCA register (CASPS), update of 24 Sep 2026",https://www.esma.europa.eu/sites/default/files/2024-12/CASPS.csv,2026-09-29,Not on the ESMA register of MiCA licensed firms. Binance does not hold a MiCA licence. It stopped new EU sign ups and restricted its services ahead of 1 July 2026.
CZ,Czechia,BingX,https://exchangecatalogue.com/exchange/bingx/,not_on_register,,,,,,,,"ESMA interim MiCA register (CASPS), update of 24 Sep 2026",https://www.esma.europa.eu/sites/default/files/2024-12/CASPS.csv,2026-09-29,Not on the ESMA register of MiCA licensed firms.
CZ,Czechia,Bitfinex,https://exchangecatalogue.com/exchange/bitfinex/,not_on_register,,,,,,,,"ESMA interim MiCA register (CASPS), update of 24 Sep 2026",https://www.esma.europa.eu/sites/default/files/2024-12/CASPS.csv,2026-09-29,Not on the ESMA register of MiCA licensed firms.
CZ,Czechia,bitFlyer,https://exchangecatalogue.com/exchange/bitflyer/,passported,bitFlyer EUROPE S.A.,CSSF (Luxembourg),984500D4465EFA89EF38,LEI,Luxembourg,a c d e j,2026-06-26,"ESMA interim MiCA register (CASPS), update of 24 Sep 2026",https://www.esma.europa.eu/sites/default/files/2024-12/CASPS.csv,2026-09-29,Licensed in Luxembourg and notified to serve Czechia.
CZ,Czechia,Bitget,https://exchangecatalogue.com/exchange/bitget/,not_on_register,,,,,,,,"ESMA interim MiCA register (CASPS), update of 24 Sep 2026",https://www.esma.europa.eu/sites/default/files/2024-12/CASPS.csv,2026-09-29,Not on the ESMA register of MiCA licensed firms. Its application to the Austrian FMA was still pending on the date checked.
CZ,Czechia,BitMart,https://exchangecatalogue.com/exchange/bitmart/,not_on_register,,,,,,,,"ESMA interim MiCA register (CASPS), update of 24 Sep 2026",https://www.esma.europa.eu/sites/default/files/2024-12/CASPS.csv,2026-09-29,Not on the ESMA register of MiCA licensed firms.
CZ,Czechia,Bitstamp,https://exchangecatalogue.com/exchange/bitstamp/,passported,Bitstamp Europe S.A.,CSSF (Luxembourg),549300XIBGTJ0PLIEO72,LEI,Luxembourg,a b c d e g j,2025-05-15,"ESMA interim MiCA register (CASPS), update of 24 Sep 2026",https://www.esma.europa.eu/sites/default/files/2024-12/CASPS.csv,2026-09-29,Licensed in Luxembourg and notified to serve Czechia.
CZ,Czechia,Bitvavo,https://exchangecatalogue.com/exchange/bitvavo/,passported,Bitvavo B.V.,AFM (Netherlands),724500MX2WBKDJP9HE56,LEI,Netherlands,a b j,2025-06-26,"ESMA interim MiCA register (CASPS), update of 24 Sep 2026",https://www.esma.europa.eu/sites/default/files/2024-12/CASPS.csv,2026-09-29,Licensed in Netherlands and notified to serve Czechia.
CZ,Czechia,Bullish,https://exchangecatalogue.com/exchange/bullish/,passported,Bullish Europe GmbH,BaFin (Germany),2549008CBASK5Q680X12,LEI,Germany,a c d e j,2025-09-04,"ESMA interim MiCA register (CASPS), update of 24 Sep 2026",https://www.esma.europa.eu/sites/default/files/2024-12/CASPS.csv,2026-09-29,Licensed in Germany and notified to serve Czechia.
CZ,Czechia,Bybit,https://exchangecatalogue.com/exchange/bybit/,passported,Bybit EU GmbH,FMA (Austria),5299005V5GBSN2A4C303,LEI,Austria,a c d f j,2025-05-28,"ESMA interim MiCA register (CASPS), update of 24 Sep 2026",https://www.esma.europa.eu/sites/default/files/2024-12/CASPS.csv,2026-09-29,Licensed in Austria and notified to serve Czechia.
CZ,Czechia,CEX.IO,https://exchangecatalogue.com/exchange/cex-io/,not_on_register,,,,,,,,"ESMA interim MiCA register (CASPS), update of 24 Sep 2026",https://www.esma.europa.eu/sites/default/files/2024-12/CASPS.csv,2026-09-29,Not on the ESMA register of MiCA licensed firms.
CZ,Czechia,Coinbase,https://exchangecatalogue.com/exchange/coinbase-exchange/,passported,Coinbase Luxembourg S.A.,CSSF (Luxembourg),984500F14CA4571AAC11,LEI,Luxembourg,a c d e f g j,2025-06-20,"ESMA interim MiCA register (CASPS), update of 24 Sep 2026",https://www.esma.europa.eu/sites/default/files/2024-12/CASPS.csv,2026-09-29,Licensed in Luxembourg and notified to serve Czechia.
CZ,Czechia,Crypto.com,https://exchangecatalogue.com/exchange/crypto-com-exchange/,passported,Foris DAX MT Limited,MFSA (Malta),2549005CVR5HH70FDO07,LEI,Malta,a c d e g j,2025-01-27,"ESMA interim MiCA register (CASPS), update of 24 Sep 2026",https://www.esma.europa.eu/sites/default/files/2024-12/CASPS.csv,2026-09-29,Licensed in Malta and notified to serve Czechia.
CZ,Czechia,Gate,https://exchangecatalogue.com/exchange/gate/,passported,Gate Technology Limited,MFSA (Malta),984500D6A0F945BB5A15,LEI,Malta,a b c d e j,2025-09-29,"ESMA interim MiCA register (CASPS), update of 24 Sep 2026",https://www.esma.europa.eu/sites/default/files/2024-12/CASPS.csv,2026-09-29,Licensed in Malta and notified to serve Czechia.
CZ,Czechia,Gemini,https://exchangecatalogue.com/exchange/gemini/,restricted_by_exchange,Gemini Intergalactic EU Ltd,MFSA (Malta),2138002QAMX8PPKSO715,LEI,Malta,a c d e f g j,2025-08-21,"ESMA interim MiCA register (CASPS), update of 24 Sep 2026",https://www.esma.europa.eu/sites/default/files/2024-12/CASPS.csv,2026-09-29,"Holds a MiCA licence, but Gemini closed all accounts in the EEA on 6 Apr 2026."
CZ,Czechia,HTX,https://exchangecatalogue.com/exchange/htx/,not_on_register,,,,,,,,"ESMA interim MiCA register (CASPS), update of 24 Sep 2026",https://www.esma.europa.eu/sites/default/files/2024-12/CASPS.csv,2026-09-29,Not on the ESMA register of MiCA licensed firms.
CZ,Czechia,Kanga,https://exchangecatalogue.com/exchange/kanga/,passported,SIA AlphaRoute (kangaexchange.eu),Latvijas Banka (Latvia),259400JCJJ78A4ZCXP93,LEI,Latvia,a b c d f j,2026-06-18,"ESMA interim MiCA register (CASPS), update of 24 Sep 2026",https://www.esma.europa.eu/sites/default/files/2024-12/CASPS.csv,2026-09-29,Licensed in Latvia and notified to serve Czechia.
CZ,Czechia,Kraken,https://exchangecatalogue.com/exchange/kraken/,passported,Payward Europe Solutions Limited,Central Bank of Ireland,254900641D8KNHUZYX24,LEI,Ireland,a c d e f g i j,2025-06-25,"ESMA interim MiCA register (CASPS), update of 24 Sep 2026",https://www.esma.europa.eu/sites/default/files/2024-12/CASPS.csv,2026-09-29,Licensed in Ireland and notified to serve Czechia.
CZ,Czechia,KuCoin,https://exchangecatalogue.com/exchange/kucoin/,passported,KuCoin EU Exchange GmbH,FMA (Austria),529900B4G0EGK7Z9KT45,LEI,Austria,a c d f j,2025-11-27,"ESMA interim MiCA register (CASPS), update of 24 Sep 2026",https://www.esma.europa.eu/sites/default/files/2024-12/CASPS.csv,2026-09-29,Licensed in Austria and notified to serve Czechia.
CZ,Czechia,MEXC,https://exchangecatalogue.com/exchange/mexc/,not_on_register,,,,,,,,"ESMA interim MiCA register (CASPS), update of 24 Sep 2026",https://www.esma.europa.eu/sites/default/files/2024-12/CASPS.csv,2026-09-29,Not on the ESMA register of MiCA licensed firms.
CZ,Czechia,OKX,https://exchangecatalogue.com/exchange/okx/,passported,OKX Europe Limited,MFSA (Malta),54930069NLWEIGLHXU42,LEI,Malta,a b c d e f g i j,2025-01-27,"ESMA interim MiCA register (CASPS), update of 24 Sep 2026",https://www.esma.europa.eu/sites/default/files/2024-12/CASPS.csv,2026-09-29,Licensed in Malta and notified to serve Czechia.
CZ,Czechia,One Trading,https://exchangecatalogue.com/exchange/one-trading/,passported,One Trading Exchange B.V.,AFM (Netherlands),984500AA963ED2BA8460,LEI,Netherlands,a b,2025-05-15,"ESMA interim MiCA register (CASPS), update of 24 Sep 2026",https://www.esma.europa.eu/sites/default/files/2024-12/CASPS.csv,2026-09-29,Licensed in Netherlands and notified to serve Czechia.
CZ,Czechia,Toobit,https://exchangecatalogue.com/exchange/toobit/,not_on_register,,,,,,,,"ESMA interim MiCA register (CASPS), update of 24 Sep 2026",https://www.esma.europa.eu/sites/default/files/2024-12/CASPS.csv,2026-09-29,Not on the ESMA register of MiCA licensed firms. Its terms name a Polish company as the EEA contracting party and cite no MiCA licence.
CZ,Czechia,Tothemoon,https://exchangecatalogue.com/exchange/tothemoon/,passported,Brilliantscope Trading Limited,CySEC (Cyprus),9845009846V10FGD4840,LEI,Cyprus,a c d e f g j,2026-06-29,"ESMA interim MiCA register (CASPS), update of 24 Sep 2026",https://www.esma.europa.eu/sites/default/files/2024-12/CASPS.csv,2026-09-29,Licensed in Cyprus and notified to serve Czechia.
CZ,Czechia,WhiteBIT,https://exchangecatalogue.com/exchange/whitebit/,passported,WB-Shields Innovations GmbH (WhiteBIT EU),FMA (Austria),254900ERDZ4CZ5IF7P56,LEI,Austria,a c d f j,2026-06-18,"ESMA interim MiCA register (CASPS), update of 24 Sep 2026",https://www.esma.europa.eu/sites/default/files/2024-12/CASPS.csv,2026-09-29,Licensed in Austria and notified to serve Czechia.
CZ,Czechia,XT.COM,https://exchangecatalogue.com/exchange/xt-com/,not_on_register,,,,,,,,"ESMA interim MiCA register (CASPS), update of 24 Sep 2026",https://www.esma.europa.eu/sites/default/files/2024-12/CASPS.csv,2026-09-29,Not on the ESMA register of MiCA licensed firms.
DK,Denmark,Backpack Exchange,https://exchangecatalogue.com/exchange/backpack-exchange/,passported,Trek Technologies SIA (Backpack EU),Latvijas Banka (Latvia),6488C2PNI17093U2YA18,LEI,Latvia,a c d e j,2026-05-27,"ESMA interim MiCA register (CASPS), update of 24 Sep 2026",https://www.esma.europa.eu/sites/default/files/2024-12/CASPS.csv,2026-09-29,Licensed in Latvia and notified to serve Denmark.
DK,Denmark,Binance,https://exchangecatalogue.com/exchange/binance/,not_on_register,,,,,,,,"ESMA interim MiCA register (CASPS), update of 24 Sep 2026",https://www.esma.europa.eu/sites/default/files/2024-12/CASPS.csv,2026-09-29,Not on the ESMA register of MiCA licensed firms. Binance does not hold a MiCA licence. It stopped new EU sign ups and restricted its services ahead of 1 July 2026.
DK,Denmark,BingX,https://exchangecatalogue.com/exchange/bingx/,not_on_register,,,,,,,,"ESMA interim MiCA register (CASPS), update of 24 Sep 2026",https://www.esma.europa.eu/sites/default/files/2024-12/CASPS.csv,2026-09-29,Not on the ESMA register of MiCA licensed firms.
DK,Denmark,Bitfinex,https://exchangecatalogue.com/exchange/bitfinex/,not_on_register,,,,,,,,"ESMA interim MiCA register (CASPS), update of 24 Sep 2026",https://www.esma.europa.eu/sites/default/files/2024-12/CASPS.csv,2026-09-29,Not on the ESMA register of MiCA licensed firms.
DK,Denmark,bitFlyer,https://exchangecatalogue.com/exchange/bitflyer/,passported,bitFlyer EUROPE S.A.,CSSF (Luxembourg),984500D4465EFA89EF38,LEI,Luxembourg,a c d e j,2026-06-26,"ESMA interim MiCA register (CASPS), update of 24 Sep 2026",https://www.esma.europa.eu/sites/default/files/2024-12/CASPS.csv,2026-09-29,Licensed in Luxembourg and notified to serve Denmark.
DK,Denmark,Bitget,https://exchangecatalogue.com/exchange/bitget/,not_on_register,,,,,,,,"ESMA interim MiCA register (CASPS), update of 24 Sep 2026",https://www.esma.europa.eu/sites/default/files/2024-12/CASPS.csv,2026-09-29,Not on the ESMA register of MiCA licensed firms. Its application to the Austrian FMA was still pending on the date checked.
DK,Denmark,BitMart,https://exchangecatalogue.com/exchange/bitmart/,not_on_register,,,,,,,,"ESMA interim MiCA register (CASPS), update of 24 Sep 2026",https://www.esma.europa.eu/sites/default/files/2024-12/CASPS.csv,2026-09-29,Not on the ESMA register of MiCA licensed firms.
DK,Denmark,Bitstamp,https://exchangecatalogue.com/exchange/bitstamp/,passported,Bitstamp Europe S.A.,CSSF (Luxembourg),549300XIBGTJ0PLIEO72,LEI,Luxembourg,a b c d e g j,2025-05-15,"ESMA interim MiCA register (CASPS), update of 24 Sep 2026",https://www.esma.europa.eu/sites/default/files/2024-12/CASPS.csv,2026-09-29,Licensed in Luxembourg and notified to serve Denmark.
DK,Denmark,Bitvavo,https://exchangecatalogue.com/exchange/bitvavo/,passported,Bitvavo B.V.,AFM (Netherlands),724500MX2WBKDJP9HE56,LEI,Netherlands,a b j,2025-06-26,"ESMA interim MiCA register (CASPS), update of 24 Sep 2026",https://www.esma.europa.eu/sites/default/files/2024-12/CASPS.csv,2026-09-29,Licensed in Netherlands and notified to serve Denmark.
DK,Denmark,Bullish,https://exchangecatalogue.com/exchange/bullish/,passported,Bullish Europe GmbH,BaFin (Germany),2549008CBASK5Q680X12,LEI,Germany,a c d e j,2025-09-04,"ESMA interim MiCA register (CASPS), update of 24 Sep 2026",https://www.esma.europa.eu/sites/default/files/2024-12/CASPS.csv,2026-09-29,Licensed in Germany and notified to serve Denmark.
DK,Denmark,Bybit,https://exchangecatalogue.com/exchange/bybit/,passported,Bybit EU GmbH,FMA (Austria),5299005V5GBSN2A4C303,LEI,Austria,a c d f j,2025-05-28,"ESMA interim MiCA register (CASPS), update of 24 Sep 2026",https://www.esma.europa.eu/sites/default/files/2024-12/CASPS.csv,2026-09-29,Licensed in Austria and notified to serve Denmark.
DK,Denmark,CEX.IO,https://exchangecatalogue.com/exchange/cex-io/,not_on_register,,,,,,,,"ESMA interim MiCA register (CASPS), update of 24 Sep 2026",https://www.esma.europa.eu/sites/default/files/2024-12/CASPS.csv,2026-09-29,Not on the ESMA register of MiCA licensed firms.
DK,Denmark,Coinbase,https://exchangecatalogue.com/exchange/coinbase-exchange/,passported,Coinbase Luxembourg S.A.,CSSF (Luxembourg),984500F14CA4571AAC11,LEI,Luxembourg,a c d e f g j,2025-06-20,"ESMA interim MiCA register (CASPS), update of 24 Sep 2026",https://www.esma.europa.eu/sites/default/files/2024-12/CASPS.csv,2026-09-29,Licensed in Luxembourg and notified to serve Denmark.
DK,Denmark,Crypto.com,https://exchangecatalogue.com/exchange/crypto-com-exchange/,passported,Foris DAX MT Limited,MFSA (Malta),2549005CVR5HH70FDO07,LEI,Malta,a c d e g j,2025-01-27,"ESMA interim MiCA register (CASPS), update of 24 Sep 2026",https://www.esma.europa.eu/sites/default/files/2024-12/CASPS.csv,2026-09-29,Licensed in Malta and notified to serve Denmark.
DK,Denmark,Gate,https://exchangecatalogue.com/exchange/gate/,passported,Gate Technology Limited,MFSA (Malta),984500D6A0F945BB5A15,LEI,Malta,a b c d e j,2025-09-29,"ESMA interim MiCA register (CASPS), update of 24 Sep 2026",https://www.esma.europa.eu/sites/default/files/2024-12/CASPS.csv,2026-09-29,Licensed in Malta and notified to serve Denmark.
DK,Denmark,Gemini,https://exchangecatalogue.com/exchange/gemini/,restricted_by_exchange,Gemini Intergalactic EU Ltd,MFSA (Malta),2138002QAMX8PPKSO715,LEI,Malta,a c d e f g j,2025-08-21,"ESMA interim MiCA register (CASPS), update of 24 Sep 2026",https://www.esma.europa.eu/sites/default/files/2024-12/CASPS.csv,2026-09-29,"Holds a MiCA licence, but Gemini closed all accounts in the EEA on 6 Apr 2026."
DK,Denmark,HTX,https://exchangecatalogue.com/exchange/htx/,not_on_register,,,,,,,,"ESMA interim MiCA register (CASPS), update of 24 Sep 2026",https://www.esma.europa.eu/sites/default/files/2024-12/CASPS.csv,2026-09-29,Not on the ESMA register of MiCA licensed firms.
DK,Denmark,Kanga,https://exchangecatalogue.com/exchange/kanga/,not_passported,SIA AlphaRoute (kangaexchange.eu),Latvijas Banka (Latvia),259400JCJJ78A4ZCXP93,LEI,Latvia,a b c d f j,2026-06-18,"ESMA interim MiCA register (CASPS), update of 24 Sep 2026",https://www.esma.europa.eu/sites/default/files/2024-12/CASPS.csv,2026-09-29,"Licensed in Latvia, but Denmark is not in its list of host countries."
DK,Denmark,Kraken,https://exchangecatalogue.com/exchange/kraken/,passported,Payward Europe Solutions Limited,Central Bank of Ireland,254900641D8KNHUZYX24,LEI,Ireland,a c d e f g i j,2025-06-25,"ESMA interim MiCA register (CASPS), update of 24 Sep 2026",https://www.esma.europa.eu/sites/default/files/2024-12/CASPS.csv,2026-09-29,Licensed in Ireland and notified to serve Denmark.
DK,Denmark,KuCoin,https://exchangecatalogue.com/exchange/kucoin/,passported,KuCoin EU Exchange GmbH,FMA (Austria),529900B4G0EGK7Z9KT45,LEI,Austria,a c d f j,2025-11-27,"ESMA interim MiCA register (CASPS), update of 24 Sep 2026",https://www.esma.europa.eu/sites/default/files/2024-12/CASPS.csv,2026-09-29,Licensed in Austria and notified to serve Denmark.
DK,Denmark,MEXC,https://exchangecatalogue.com/exchange/mexc/,not_on_register,,,,,,,,"ESMA interim MiCA register (CASPS), update of 24 Sep 2026",https://www.esma.europa.eu/sites/default/files/2024-12/CASPS.csv,2026-09-29,Not on the ESMA register of MiCA licensed firms.
DK,Denmark,OKX,https://exchangecatalogue.com/exchange/okx/,passported,OKX Europe Limited,MFSA (Malta),54930069NLWEIGLHXU42,LEI,Malta,a b c d e f g i j,2025-01-27,"ESMA interim MiCA register (CASPS), update of 24 Sep 2026",https://www.esma.europa.eu/sites/default/files/2024-12/CASPS.csv,2026-09-29,Licensed in Malta and notified to serve Denmark.
DK,Denmark,One Trading,https://exchangecatalogue.com/exchange/one-trading/,passported,One Trading Exchange B.V.,AFM (Netherlands),984500AA963ED2BA8460,LEI,Netherlands,a b,2025-05-15,"ESMA interim MiCA register (CASPS), update of 24 Sep 2026",https://www.esma.europa.eu/sites/default/files/2024-12/CASPS.csv,2026-09-29,Licensed in Netherlands and notified to serve Denmark.
DK,Denmark,Toobit,https://exchangecatalogue.com/exchange/toobit/,not_on_register,,,,,,,,"ESMA interim MiCA register (CASPS), update of 24 Sep 2026",https://www.esma.europa.eu/sites/default/files/2024-12/CASPS.csv,2026-09-29,Not on the ESMA register of MiCA licensed firms. Its terms name a Polish company as the EEA contracting party and cite no MiCA licence.
DK,Denmark,Tothemoon,https://exchangecatalogue.com/exchange/tothemoon/,passported,Brilliantscope Trading Limited,CySEC (Cyprus),9845009846V10FGD4840,LEI,Cyprus,a c d e f g j,2026-06-29,"ESMA interim MiCA register (CASPS), update of 24 Sep 2026",https://www.esma.europa.eu/sites/default/files/2024-12/CASPS.csv,2026-09-29,Licensed in Cyprus and notified to serve Denmark.
DK,Denmark,WhiteBIT,https://exchangecatalogue.com/exchange/whitebit/,passported,WB-Shields Innovations GmbH (WhiteBIT EU),FMA (Austria),254900ERDZ4CZ5IF7P56,LEI,Austria,a c d f j,2026-06-18,"ESMA interim MiCA register (CASPS), update of 24 Sep 2026",https://www.esma.europa.eu/sites/default/files/2024-12/CASPS.csv,2026-09-29,Licensed in Austria and notified to serve Denmark.
DK,Denmark,XT.COM,https://exchangecatalogue.com/exchange/xt-com/,not_on_register,,,,,,,,"ESMA interim MiCA register (CASPS), update of 24 Sep 2026",https://www.esma.europa.eu/sites/default/files/2024-12/CASPS.csv,2026-09-29,Not on the ESMA register of MiCA licensed firms.
EE,Estonia,Backpack Exchange,https://exchangecatalogue.com/exchange/backpack-exchange/,passported,Trek Technologies SIA (Backpack EU),Latvijas Banka (Latvia),6488C2PNI17093U2YA18,LEI,Latvia,a c d e j,2026-05-27,"ESMA interim MiCA register (CASPS), update of 24 Sep 2026",https://www.esma.europa.eu/sites/default/files/2024-12/CASPS.csv,2026-09-29,Licensed in Latvia and notified to serve Estonia.
EE,Estonia,Binance,https://exchangecatalogue.com/exchange/binance/,not_on_register,,,,,,,,"ESMA interim MiCA register (CASPS), update of 24 Sep 2026",https://www.esma.europa.eu/sites/default/files/2024-12/CASPS.csv,2026-09-29,Not on the ESMA register of MiCA licensed firms. Binance does not hold a MiCA licence. It stopped new EU sign ups and restricted its services ahead of 1 July 2026.
EE,Estonia,BingX,https://exchangecatalogue.com/exchange/bingx/,not_on_register,,,,,,,,"ESMA interim MiCA register (CASPS), update of 24 Sep 2026",https://www.esma.europa.eu/sites/default/files/2024-12/CASPS.csv,2026-09-29,Not on the ESMA register of MiCA licensed firms.
EE,Estonia,Bitfinex,https://exchangecatalogue.com/exchange/bitfinex/,not_on_register,,,,,,,,"ESMA interim MiCA register (CASPS), update of 24 Sep 2026",https://www.esma.europa.eu/sites/default/files/2024-12/CASPS.csv,2026-09-29,Not on the ESMA register of MiCA licensed firms.
EE,Estonia,bitFlyer,https://exchangecatalogue.com/exchange/bitflyer/,passported,bitFlyer EUROPE S.A.,CSSF (Luxembourg),984500D4465EFA89EF38,LEI,Luxembourg,a c d e j,2026-06-26,"ESMA interim MiCA register (CASPS), update of 24 Sep 2026",https://www.esma.europa.eu/sites/default/files/2024-12/CASPS.csv,2026-09-29,Licensed in Luxembourg and notified to serve Estonia.
EE,Estonia,Bitget,https://exchangecatalogue.com/exchange/bitget/,not_on_register,,,,,,,,"ESMA interim MiCA register (CASPS), update of 24 Sep 2026",https://www.esma.europa.eu/sites/default/files/2024-12/CASPS.csv,2026-09-29,Not on the ESMA register of MiCA licensed firms. Its application to the Austrian FMA was still pending on the date checked.
EE,Estonia,BitMart,https://exchangecatalogue.com/exchange/bitmart/,not_on_register,,,,,,,,"ESMA interim MiCA register (CASPS), update of 24 Sep 2026",https://www.esma.europa.eu/sites/default/files/2024-12/CASPS.csv,2026-09-29,Not on the ESMA register of MiCA licensed firms.
EE,Estonia,Bitstamp,https://exchangecatalogue.com/exchange/bitstamp/,passported,Bitstamp Europe S.A.,CSSF (Luxembourg),549300XIBGTJ0PLIEO72,LEI,Luxembourg,a b c d e g j,2025-05-15,"ESMA interim MiCA register (CASPS), update of 24 Sep 2026",https://www.esma.europa.eu/sites/default/files/2024-12/CASPS.csv,2026-09-29,Licensed in Luxembourg and notified to serve Estonia.
EE,Estonia,Bitvavo,https://exchangecatalogue.com/exchange/bitvavo/,passported,Bitvavo B.V.,AFM (Netherlands),724500MX2WBKDJP9HE56,LEI,Netherlands,a b j,2025-06-26,"ESMA interim MiCA register (CASPS), update of 24 Sep 2026",https://www.esma.europa.eu/sites/default/files/2024-12/CASPS.csv,2026-09-29,Licensed in Netherlands and notified to serve Estonia.
EE,Estonia,Bullish,https://exchangecatalogue.com/exchange/bullish/,passported,Bullish Europe GmbH,BaFin (Germany),2549008CBASK5Q680X12,LEI,Germany,a c d e j,2025-09-04,"ESMA interim MiCA register (CASPS), update of 24 Sep 2026",https://www.esma.europa.eu/sites/default/files/2024-12/CASPS.csv,2026-09-29,Licensed in Germany and notified to serve Estonia.
EE,Estonia,Bybit,https://exchangecatalogue.com/exchange/bybit/,passported,Bybit EU GmbH,FMA (Austria),5299005V5GBSN2A4C303,LEI,Austria,a c d f j,2025-05-28,"ESMA interim MiCA register (CASPS), update of 24 Sep 2026",https://www.esma.europa.eu/sites/default/files/2024-12/CASPS.csv,2026-09-29,Licensed in Austria and notified to serve Estonia.
EE,Estonia,CEX.IO,https://exchangecatalogue.com/exchange/cex-io/,not_on_register,,,,,,,,"ESMA interim MiCA register (CASPS), update of 24 Sep 2026",https://www.esma.europa.eu/sites/default/files/2024-12/CASPS.csv,2026-09-29,Not on the ESMA register of MiCA licensed firms.
EE,Estonia,Coinbase,https://exchangecatalogue.com/exchange/coinbase-exchange/,passported,Coinbase Luxembourg S.A.,CSSF (Luxembourg),984500F14CA4571AAC11,LEI,Luxembourg,a c d e f g j,2025-06-20,"ESMA interim MiCA register (CASPS), update of 24 Sep 2026",https://www.esma.europa.eu/sites/default/files/2024-12/CASPS.csv,2026-09-29,Licensed in Luxembourg and notified to serve Estonia.
EE,Estonia,Crypto.com,https://exchangecatalogue.com/exchange/crypto-com-exchange/,passported,Foris DAX MT Limited,MFSA (Malta),2549005CVR5HH70FDO07,LEI,Malta,a c d e g j,2025-01-27,"ESMA interim MiCA register (CASPS), update of 24 Sep 2026",https://www.esma.europa.eu/sites/default/files/2024-12/CASPS.csv,2026-09-29,Licensed in Malta and notified to serve Estonia.
EE,Estonia,Gate,https://exchangecatalogue.com/exchange/gate/,passported,Gate Technology Limited,MFSA (Malta),984500D6A0F945BB5A15,LEI,Malta,a b c d e j,2025-09-29,"ESMA interim MiCA register (CASPS), update of 24 Sep 2026",https://www.esma.europa.eu/sites/default/files/2024-12/CASPS.csv,2026-09-29,Licensed in Malta and notified to serve Estonia.
EE,Estonia,Gemini,https://exchangecatalogue.com/exchange/gemini/,restricted_by_exchange,Gemini Intergalactic EU Ltd,MFSA (Malta),2138002QAMX8PPKSO715,LEI,Malta,a c d e f g j,2025-08-21,"ESMA interim MiCA register (CASPS), update of 24 Sep 2026",https://www.esma.europa.eu/sites/default/files/2024-12/CASPS.csv,2026-09-29,"Holds a MiCA licence, but Gemini closed all accounts in the EEA on 6 Apr 2026."
EE,Estonia,HTX,https://exchangecatalogue.com/exchange/htx/,not_on_register,,,,,,,,"ESMA interim MiCA register (CASPS), update of 24 Sep 2026",https://www.esma.europa.eu/sites/default/files/2024-12/CASPS.csv,2026-09-29,Not on the ESMA register of MiCA licensed firms.
EE,Estonia,Kanga,https://exchangecatalogue.com/exchange/kanga/,passported,SIA AlphaRoute (kangaexchange.eu),Latvijas Banka (Latvia),259400JCJJ78A4ZCXP93,LEI,Latvia,a b c d f j,2026-06-18,"ESMA interim MiCA register (CASPS), update of 24 Sep 2026",https://www.esma.europa.eu/sites/default/files/2024-12/CASPS.csv,2026-09-29,Licensed in Latvia and notified to serve Estonia.
EE,Estonia,Kraken,https://exchangecatalogue.com/exchange/kraken/,passported,Payward Europe Solutions Limited,Central Bank of Ireland,254900641D8KNHUZYX24,LEI,Ireland,a c d e f g i j,2025-06-25,"ESMA interim MiCA register (CASPS), update of 24 Sep 2026",https://www.esma.europa.eu/sites/default/files/2024-12/CASPS.csv,2026-09-29,Licensed in Ireland and notified to serve Estonia.
EE,Estonia,KuCoin,https://exchangecatalogue.com/exchange/kucoin/,passported,KuCoin EU Exchange GmbH,FMA (Austria),529900B4G0EGK7Z9KT45,LEI,Austria,a c d f j,2025-11-27,"ESMA interim MiCA register (CASPS), update of 24 Sep 2026",https://www.esma.europa.eu/sites/default/files/2024-12/CASPS.csv,2026-09-29,Licensed in Austria and notified to serve Estonia.
EE,Estonia,MEXC,https://exchangecatalogue.com/exchange/mexc/,not_on_register,,,,,,,,"ESMA interim MiCA register (CASPS), update of 24 Sep 2026",https://www.esma.europa.eu/sites/default/files/2024-12/CASPS.csv,2026-09-29,Not on the ESMA register of MiCA licensed firms.
EE,Estonia,OKX,https://exchangecatalogue.com/exchange/okx/,passported,OKX Europe Limited,MFSA (Malta),54930069NLWEIGLHXU42,LEI,Malta,a b c d e f g i j,2025-01-27,"ESMA interim MiCA register (CASPS), update of 24 Sep 2026",https://www.esma.europa.eu/sites/default/files/2024-12/CASPS.csv,2026-09-29,Licensed in Malta and notified to serve Estonia.
EE,Estonia,One Trading,https://exchangecatalogue.com/exchange/one-trading/,passported,One Trading Exchange B.V.,AFM (Netherlands),984500AA963ED2BA8460,LEI,Netherlands,a b,2025-05-15,"ESMA interim MiCA register (CASPS), update of 24 Sep 2026",https://www.esma.europa.eu/sites/default/files/2024-12/CASPS.csv,2026-09-29,Licensed in Netherlands and notified to serve Estonia.
EE,Estonia,Toobit,https://exchangecatalogue.com/exchange/toobit/,not_on_register,,,,,,,,"ESMA interim MiCA register (CASPS), update of 24 Sep 2026",https://www.esma.europa.eu/sites/default/files/2024-12/CASPS.csv,2026-09-29,Not on the ESMA register of MiCA licensed firms. Its terms name a Polish company as the EEA contracting party and cite no MiCA licence.
EE,Estonia,Tothemoon,https://exchangecatalogue.com/exchange/tothemoon/,passported,Brilliantscope Trading Limited,CySEC (Cyprus),9845009846V10FGD4840,LEI,Cyprus,a c d e f g j,2026-06-29,"ESMA interim MiCA register (CASPS), update of 24 Sep 2026",https://www.esma.europa.eu/sites/default/files/2024-12/CASPS.csv,2026-09-29,Licensed in Cyprus and notified to serve Estonia.
EE,Estonia,WhiteBIT,https://exchangecatalogue.com/exchange/whitebit/,passported,WB-Shields Innovations GmbH (WhiteBIT EU),FMA (Austria),254900ERDZ4CZ5IF7P56,LEI,Austria,a c d f j,2026-06-18,"ESMA interim MiCA register (CASPS), update of 24 Sep 2026",https://www.esma.europa.eu/sites/default/files/2024-12/CASPS.csv,2026-09-29,Licensed in Austria and notified to serve Estonia.
EE,Estonia,XT.COM,https://exchangecatalogue.com/exchange/xt-com/,not_on_register,,,,,,,,"ESMA interim MiCA register (CASPS), update of 24 Sep 2026",https://www.esma.europa.eu/sites/default/files/2024-12/CASPS.csv,2026-09-29,Not on the ESMA register of MiCA licensed firms.
FI,Finland,Backpack Exchange,https://exchangecatalogue.com/exchange/backpack-exchange/,passported,Trek Technologies SIA (Backpack EU),Latvijas Banka (Latvia),6488C2PNI17093U2YA18,LEI,Latvia,a c d e j,2026-05-27,"ESMA interim MiCA register (CASPS), update of 24 Sep 2026",https://www.esma.europa.eu/sites/default/files/2024-12/CASPS.csv,2026-09-29,Licensed in Latvia and notified to serve Finland.
FI,Finland,Binance,https://exchangecatalogue.com/exchange/binance/,not_on_register,,,,,,,,"ESMA interim MiCA register (CASPS), update of 24 Sep 2026",https://www.esma.europa.eu/sites/default/files/2024-12/CASPS.csv,2026-09-29,Not on the ESMA register of MiCA licensed firms. Binance does not hold a MiCA licence. It stopped new EU sign ups and restricted its services ahead of 1 July 2026.
FI,Finland,BingX,https://exchangecatalogue.com/exchange/bingx/,not_on_register,,,,,,,,"ESMA interim MiCA register (CASPS), update of 24 Sep 2026",https://www.esma.europa.eu/sites/default/files/2024-12/CASPS.csv,2026-09-29,Not on the ESMA register of MiCA licensed firms.
FI,Finland,Bitfinex,https://exchangecatalogue.com/exchange/bitfinex/,not_on_register,,,,,,,,"ESMA interim MiCA register (CASPS), update of 24 Sep 2026",https://www.esma.europa.eu/sites/default/files/2024-12/CASPS.csv,2026-09-29,Not on the ESMA register of MiCA licensed firms.
FI,Finland,bitFlyer,https://exchangecatalogue.com/exchange/bitflyer/,passported,bitFlyer EUROPE S.A.,CSSF (Luxembourg),984500D4465EFA89EF38,LEI,Luxembourg,a c d e j,2026-06-26,"ESMA interim MiCA register (CASPS), update of 24 Sep 2026",https://www.esma.europa.eu/sites/default/files/2024-12/CASPS.csv,2026-09-29,Licensed in Luxembourg and notified to serve Finland.
FI,Finland,Bitget,https://exchangecatalogue.com/exchange/bitget/,not_on_register,,,,,,,,"ESMA interim MiCA register (CASPS), update of 24 Sep 2026",https://www.esma.europa.eu/sites/default/files/2024-12/CASPS.csv,2026-09-29,Not on the ESMA register of MiCA licensed firms. Its application to the Austrian FMA was still pending on the date checked.
FI,Finland,BitMart,https://exchangecatalogue.com/exchange/bitmart/,not_on_register,,,,,,,,"ESMA interim MiCA register (CASPS), update of 24 Sep 2026",https://www.esma.europa.eu/sites/default/files/2024-12/CASPS.csv,2026-09-29,Not on the ESMA register of MiCA licensed firms.
FI,Finland,Bitstamp,https://exchangecatalogue.com/exchange/bitstamp/,passported,Bitstamp Europe S.A.,CSSF (Luxembourg),549300XIBGTJ0PLIEO72,LEI,Luxembourg,a b c d e g j,2025-05-15,"ESMA interim MiCA register (CASPS), update of 24 Sep 2026",https://www.esma.europa.eu/sites/default/files/2024-12/CASPS.csv,2026-09-29,Licensed in Luxembourg and notified to serve Finland.
FI,Finland,Bitvavo,https://exchangecatalogue.com/exchange/bitvavo/,passported,Bitvavo B.V.,AFM (Netherlands),724500MX2WBKDJP9HE56,LEI,Netherlands,a b j,2025-06-26,"ESMA interim MiCA register (CASPS), update of 24 Sep 2026",https://www.esma.europa.eu/sites/default/files/2024-12/CASPS.csv,2026-09-29,Licensed in Netherlands and notified to serve Finland.
FI,Finland,Bullish,https://exchangecatalogue.com/exchange/bullish/,passported,Bullish Europe GmbH,BaFin (Germany),2549008CBASK5Q680X12,LEI,Germany,a c d e j,2025-09-04,"ESMA interim MiCA register (CASPS), update of 24 Sep 2026",https://www.esma.europa.eu/sites/default/files/2024-12/CASPS.csv,2026-09-29,Licensed in Germany and notified to serve Finland.
FI,Finland,Bybit,https://exchangecatalogue.com/exchange/bybit/,passported,Bybit EU GmbH,FMA (Austria),5299005V5GBSN2A4C303,LEI,Austria,a c d f j,2025-05-28,"ESMA interim MiCA register (CASPS), update of 24 Sep 2026",https://www.esma.europa.eu/sites/default/files/2024-12/CASPS.csv,2026-09-29,Licensed in Austria and notified to serve Finland.
FI,Finland,CEX.IO,https://exchangecatalogue.com/exchange/cex-io/,not_on_register,,,,,,,,"ESMA interim MiCA register (CASPS), update of 24 Sep 2026",https://www.esma.europa.eu/sites/default/files/2024-12/CASPS.csv,2026-09-29,Not on the ESMA register of MiCA licensed firms.
FI,Finland,Coinbase,https://exchangecatalogue.com/exchange/coinbase-exchange/,passported,Coinbase Luxembourg S.A.,CSSF (Luxembourg),984500F14CA4571AAC11,LEI,Luxembourg,a c d e f g j,2025-06-20,"ESMA interim MiCA register (CASPS), update of 24 Sep 2026",https://www.esma.europa.eu/sites/default/files/2024-12/CASPS.csv,2026-09-29,Licensed in Luxembourg and notified to serve Finland.
FI,Finland,Crypto.com,https://exchangecatalogue.com/exchange/crypto-com-exchange/,passported,Foris DAX MT Limited,MFSA (Malta),2549005CVR5HH70FDO07,LEI,Malta,a c d e g j,2025-01-27,"ESMA interim MiCA register (CASPS), update of 24 Sep 2026",https://www.esma.europa.eu/sites/default/files/2024-12/CASPS.csv,2026-09-29,Licensed in Malta and notified to serve Finland.
FI,Finland,Gate,https://exchangecatalogue.com/exchange/gate/,passported,Gate Technology Limited,MFSA (Malta),984500D6A0F945BB5A15,LEI,Malta,a b c d e j,2025-09-29,"ESMA interim MiCA register (CASPS), update of 24 Sep 2026",https://www.esma.europa.eu/sites/default/files/2024-12/CASPS.csv,2026-09-29,Licensed in Malta and notified to serve Finland.
FI,Finland,Gemini,https://exchangecatalogue.com/exchange/gemini/,restricted_by_exchange,Gemini Intergalactic EU Ltd,MFSA (Malta),2138002QAMX8PPKSO715,LEI,Malta,a c d e f g j,2025-08-21,"ESMA interim MiCA register (CASPS), update of 24 Sep 2026",https://www.esma.europa.eu/sites/default/files/2024-12/CASPS.csv,2026-09-29,"Holds a MiCA licence, but Gemini closed all accounts in the EEA on 6 Apr 2026."
FI,Finland,HTX,https://exchangecatalogue.com/exchange/htx/,not_on_register,,,,,,,,"ESMA interim MiCA register (CASPS), update of 24 Sep 2026",https://www.esma.europa.eu/sites/default/files/2024-12/CASPS.csv,2026-09-29,Not on the ESMA register of MiCA licensed firms.
FI,Finland,Kanga,https://exchangecatalogue.com/exchange/kanga/,not_passported,SIA AlphaRoute (kangaexchange.eu),Latvijas Banka (Latvia),259400JCJJ78A4ZCXP93,LEI,Latvia,a b c d f j,2026-06-18,"ESMA interim MiCA register (CASPS), update of 24 Sep 2026",https://www.esma.europa.eu/sites/default/files/2024-12/CASPS.csv,2026-09-29,"Licensed in Latvia, but Finland is not in its list of host countries."
FI,Finland,Kraken,https://exchangecatalogue.com/exchange/kraken/,passported,Payward Europe Solutions Limited,Central Bank of Ireland,254900641D8KNHUZYX24,LEI,Ireland,a c d e f g i j,2025-06-25,"ESMA interim MiCA register (CASPS), update of 24 Sep 2026",https://www.esma.europa.eu/sites/default/files/2024-12/CASPS.csv,2026-09-29,Licensed in Ireland and notified to serve Finland.
FI,Finland,KuCoin,https://exchangecatalogue.com/exchange/kucoin/,passported,KuCoin EU Exchange GmbH,FMA (Austria),529900B4G0EGK7Z9KT45,LEI,Austria,a c d f j,2025-11-27,"ESMA interim MiCA register (CASPS), update of 24 Sep 2026",https://www.esma.europa.eu/sites/default/files/2024-12/CASPS.csv,2026-09-29,Licensed in Austria and notified to serve Finland.
FI,Finland,MEXC,https://exchangecatalogue.com/exchange/mexc/,not_on_register,,,,,,,,"ESMA interim MiCA register (CASPS), update of 24 Sep 2026",https://www.esma.europa.eu/sites/default/files/2024-12/CASPS.csv,2026-09-29,Not on the ESMA register of MiCA licensed firms.
FI,Finland,OKX,https://exchangecatalogue.com/exchange/okx/,passported,OKX Europe Limited,MFSA (Malta),54930069NLWEIGLHXU42,LEI,Malta,a b c d e f g i j,2025-01-27,"ESMA interim MiCA register (CASPS), update of 24 Sep 2026",https://www.esma.europa.eu/sites/default/files/2024-12/CASPS.csv,2026-09-29,Licensed in Malta and notified to serve Finland.
FI,Finland,One Trading,https://exchangecatalogue.com/exchange/one-trading/,passported,One Trading Exchange B.V.,AFM (Netherlands),984500AA963ED2BA8460,LEI,Netherlands,a b,2025-05-15,"ESMA interim MiCA register (CASPS), update of 24 Sep 2026",https://www.esma.europa.eu/sites/default/files/2024-12/CASPS.csv,2026-09-29,Licensed in Netherlands and notified to serve Finland.
FI,Finland,Toobit,https://exchangecatalogue.com/exchange/toobit/,not_on_register,,,,,,,,"ESMA interim MiCA register (CASPS), update of 24 Sep 2026",https://www.esma.europa.eu/sites/default/files/2024-12/CASPS.csv,2026-09-29,Not on the ESMA register of MiCA licensed firms. Its terms name a Polish company as the EEA contracting party and cite no MiCA licence.
FI,Finland,Tothemoon,https://exchangecatalogue.com/exchange/tothemoon/,passported,Brilliantscope Trading Limited,CySEC (Cyprus),9845009846V10FGD4840,LEI,Cyprus,a c d e f g j,2026-06-29,"ESMA interim MiCA register (CASPS), update of 24 Sep 2026",https://www.esma.europa.eu/sites/default/files/2024-12/CASPS.csv,2026-09-29,Licensed in Cyprus and notified to serve Finland.
FI,Finland,WhiteBIT,https://exchangecatalogue.com/exchange/whitebit/,passported,WB-Shields Innovations GmbH (WhiteBIT EU),FMA (Austria),254900ERDZ4CZ5IF7P56,LEI,Austria,a c d f j,2026-06-18,"ESMA interim MiCA register (CASPS), update of 24 Sep 2026",https://www.esma.europa.eu/sites/default/files/2024-12/CASPS.csv,2026-09-29,Licensed in Austria and notified to serve Finland.
FI,Finland,XT.COM,https://exchangecatalogue.com/exchange/xt-com/,not_on_register,,,,,,,,"ESMA interim MiCA register (CASPS), update of 24 Sep 2026",https://www.esma.europa.eu/sites/default/files/2024-12/CASPS.csv,2026-09-29,Not on the ESMA register of MiCA licensed firms.
FR,France,Backpack Exchange,https://exchangecatalogue.com/exchange/backpack-exchange/,passported,Trek Technologies SIA (Backpack EU),Latvijas Banka (Latvia),6488C2PNI17093U2YA18,LEI,Latvia,a c d e j,2026-05-27,"ESMA interim MiCA register (CASPS), update of 24 Sep 2026",https://www.esma.europa.eu/sites/default/files/2024-12/CASPS.csv,2026-09-29,Licensed in Latvia and notified to serve France.
FR,France,Binance,https://exchangecatalogue.com/exchange/binance/,not_on_register,,,,,,,,"ESMA interim MiCA register (CASPS), update of 24 Sep 2026",https://www.esma.europa.eu/sites/default/files/2024-12/CASPS.csv,2026-09-29,Not on the ESMA register of MiCA licensed firms. Binance does not hold a MiCA licence. It stopped new EU sign ups and restricted its services ahead of 1 July 2026.
FR,France,BingX,https://exchangecatalogue.com/exchange/bingx/,not_on_register,,,,,,,,"ESMA interim MiCA register (CASPS), update of 24 Sep 2026",https://www.esma.europa.eu/sites/default/files/2024-12/CASPS.csv,2026-09-29,Not on the ESMA register of MiCA licensed firms.
FR,France,Bitfinex,https://exchangecatalogue.com/exchange/bitfinex/,not_on_register,,,,,,,,"ESMA interim MiCA register (CASPS), update of 24 Sep 2026",https://www.esma.europa.eu/sites/default/files/2024-12/CASPS.csv,2026-09-29,Not on the ESMA register of MiCA licensed firms.
FR,France,bitFlyer,https://exchangecatalogue.com/exchange/bitflyer/,passported,bitFlyer EUROPE S.A.,CSSF (Luxembourg),984500D4465EFA89EF38,LEI,Luxembourg,a c d e j,2026-06-26,"ESMA interim MiCA register (CASPS), update of 24 Sep 2026",https://www.esma.europa.eu/sites/default/files/2024-12/CASPS.csv,2026-09-29,Licensed in Luxembourg and notified to serve France.
FR,France,Bitget,https://exchangecatalogue.com/exchange/bitget/,restricted_by_exchange,,,,,,,,Bitget terms,https://www.bitget.com/support/articles/360014944032-terms-of-use,2026-09-29,Its terms of use (15 Sep 2026) exclude residents of this country. It is not on the ESMA register of MiCA licensed firms.
FR,France,BitMart,https://exchangecatalogue.com/exchange/bitmart/,restricted_by_exchange,,,,,,,,BitMart terms,https://bitmart.zendesk.com/hc/en-us/articles/115004890354-BITMART-USER-AGREEMENT,2026-09-29,Its user agreement excludes residents of this country. It is not on the ESMA register of MiCA licensed firms.
FR,France,Bitstamp,https://exchangecatalogue.com/exchange/bitstamp/,passported,Bitstamp Europe S.A.,CSSF (Luxembourg),549300XIBGTJ0PLIEO72,LEI,Luxembourg,a b c d e g j,2025-05-15,"ESMA interim MiCA register (CASPS), update of 24 Sep 2026",https://www.esma.europa.eu/sites/default/files/2024-12/CASPS.csv,2026-09-29,Licensed in Luxembourg and notified to serve France.
FR,France,Bitvavo,https://exchangecatalogue.com/exchange/bitvavo/,passported,Bitvavo B.V.,AFM (Netherlands),724500MX2WBKDJP9HE56,LEI,Netherlands,a b j,2025-06-26,"ESMA interim MiCA register (CASPS), update of 24 Sep 2026",https://www.esma.europa.eu/sites/default/files/2024-12/CASPS.csv,2026-09-29,Licensed in Netherlands and notified to serve France.
FR,France,Bullish,https://exchangecatalogue.com/exchange/bullish/,passported,Bullish Europe GmbH,BaFin (Germany),2549008CBASK5Q680X12,LEI,Germany,a c d e j,2025-09-04,"ESMA interim MiCA register (CASPS), update of 24 Sep 2026",https://www.esma.europa.eu/sites/default/files/2024-12/CASPS.csv,2026-09-29,Licensed in Germany and notified to serve France.
FR,France,Bybit,https://exchangecatalogue.com/exchange/bybit/,passported,Bybit EU GmbH,FMA (Austria),5299005V5GBSN2A4C303,LEI,Austria,a c d f j,2025-05-28,"ESMA interim MiCA register (CASPS), update of 24 Sep 2026",https://www.esma.europa.eu/sites/default/files/2024-12/CASPS.csv,2026-09-29,Licensed in Austria and notified to serve France.
FR,France,CEX.IO,https://exchangecatalogue.com/exchange/cex-io/,not_on_register,,,,,,,,"ESMA interim MiCA register (CASPS), update of 24 Sep 2026",https://www.esma.europa.eu/sites/default/files/2024-12/CASPS.csv,2026-09-29,Not on the ESMA register of MiCA licensed firms.
FR,France,Coinbase,https://exchangecatalogue.com/exchange/coinbase-exchange/,passported,Coinbase Luxembourg S.A.,CSSF (Luxembourg),984500F14CA4571AAC11,LEI,Luxembourg,a c d e f g j,2025-06-20,"ESMA interim MiCA register (CASPS), update of 24 Sep 2026",https://www.esma.europa.eu/sites/default/files/2024-12/CASPS.csv,2026-09-29,Licensed in Luxembourg and notified to serve France.
FR,France,Crypto.com,https://exchangecatalogue.com/exchange/crypto-com-exchange/,passported,Foris DAX MT Limited,MFSA (Malta),2549005CVR5HH70FDO07,LEI,Malta,a c d e g j,2025-01-27,"ESMA interim MiCA register (CASPS), update of 24 Sep 2026",https://www.esma.europa.eu/sites/default/files/2024-12/CASPS.csv,2026-09-29,Licensed in Malta and notified to serve France.
FR,France,Gate,https://exchangecatalogue.com/exchange/gate/,passported,Gate Technology Limited,MFSA (Malta),984500D6A0F945BB5A15,LEI,Malta,a b c d e j,2025-09-29,"ESMA interim MiCA register (CASPS), update of 24 Sep 2026",https://www.esma.europa.eu/sites/default/files/2024-12/CASPS.csv,2026-09-29,Licensed in Malta and notified to serve France.
FR,France,Gemini,https://exchangecatalogue.com/exchange/gemini/,restricted_by_exchange,Gemini Intergalactic EU Ltd,MFSA (Malta),2138002QAMX8PPKSO715,LEI,Malta,a c d e f g j,2025-08-21,"ESMA interim MiCA register (CASPS), update of 24 Sep 2026",https://www.esma.europa.eu/sites/default/files/2024-12/CASPS.csv,2026-09-29,"Holds a MiCA licence, but Gemini closed all accounts in the EEA on 6 Apr 2026."
FR,France,HTX,https://exchangecatalogue.com/exchange/htx/,not_on_register,,,,,,,,"ESMA interim MiCA register (CASPS), update of 24 Sep 2026",https://www.esma.europa.eu/sites/default/files/2024-12/CASPS.csv,2026-09-29,Not on the ESMA register of MiCA licensed firms.
FR,France,Kanga,https://exchangecatalogue.com/exchange/kanga/,not_passported,SIA AlphaRoute (kangaexchange.eu),Latvijas Banka (Latvia),259400JCJJ78A4ZCXP93,LEI,Latvia,a b c d f j,2026-06-18,"ESMA interim MiCA register (CASPS), update of 24 Sep 2026",https://www.esma.europa.eu/sites/default/files/2024-12/CASPS.csv,2026-09-29,"Licensed in Latvia, but France is not in its list of host countries."
FR,France,Kraken,https://exchangecatalogue.com/exchange/kraken/,passported,Payward Europe Solutions Limited,Central Bank of Ireland,254900641D8KNHUZYX24,LEI,Ireland,a c d e f g i j,2025-06-25,"ESMA interim MiCA register (CASPS), update of 24 Sep 2026",https://www.esma.europa.eu/sites/default/files/2024-12/CASPS.csv,2026-09-29,Licensed in Ireland and notified to serve France.
FR,France,KuCoin,https://exchangecatalogue.com/exchange/kucoin/,passported,KuCoin EU Exchange GmbH,FMA (Austria),529900B4G0EGK7Z9KT45,LEI,Austria,a c d f j,2025-11-27,"ESMA interim MiCA register (CASPS), update of 24 Sep 2026",https://www.esma.europa.eu/sites/default/files/2024-12/CASPS.csv,2026-09-29,Licensed in Austria and notified to serve France.
FR,France,MEXC,https://exchangecatalogue.com/exchange/mexc/,not_on_register,,,,,,,,"ESMA interim MiCA register (CASPS), update of 24 Sep 2026",https://www.esma.europa.eu/sites/default/files/2024-12/CASPS.csv,2026-09-29,Not on the ESMA register of MiCA licensed firms.
FR,France,OKX,https://exchangecatalogue.com/exchange/okx/,passported,OKX Europe Limited,MFSA (Malta),54930069NLWEIGLHXU42,LEI,Malta,a b c d e f g i j,2025-01-27,"ESMA interim MiCA register (CASPS), update of 24 Sep 2026",https://www.esma.europa.eu/sites/default/files/2024-12/CASPS.csv,2026-09-29,Licensed in Malta and notified to serve France.
FR,France,One Trading,https://exchangecatalogue.com/exchange/one-trading/,passported,One Trading Exchange B.V.,AFM (Netherlands),984500AA963ED2BA8460,LEI,Netherlands,a b,2025-05-15,"ESMA interim MiCA register (CASPS), update of 24 Sep 2026",https://www.esma.europa.eu/sites/default/files/2024-12/CASPS.csv,2026-09-29,Licensed in Netherlands and notified to serve France.
FR,France,Toobit,https://exchangecatalogue.com/exchange/toobit/,not_on_register,,,,,,,,"ESMA interim MiCA register (CASPS), update of 24 Sep 2026",https://www.esma.europa.eu/sites/default/files/2024-12/CASPS.csv,2026-09-29,Not on the ESMA register of MiCA licensed firms. Its terms name a Polish company as the EEA contracting party and cite no MiCA licence.
FR,France,Tothemoon,https://exchangecatalogue.com/exchange/tothemoon/,passported,Brilliantscope Trading Limited,CySEC (Cyprus),9845009846V10FGD4840,LEI,Cyprus,a c d e f g j,2026-06-29,"ESMA interim MiCA register (CASPS), update of 24 Sep 2026",https://www.esma.europa.eu/sites/default/files/2024-12/CASPS.csv,2026-09-29,Licensed in Cyprus and notified to serve France.
FR,France,WhiteBIT,https://exchangecatalogue.com/exchange/whitebit/,passported,WB-Shields Innovations GmbH (WhiteBIT EU),FMA (Austria),254900ERDZ4CZ5IF7P56,LEI,Austria,a c d f j,2026-06-18,"ESMA interim MiCA register (CASPS), update of 24 Sep 2026",https://www.esma.europa.eu/sites/default/files/2024-12/CASPS.csv,2026-09-29,Licensed in Austria and notified to serve France.
FR,France,XT.COM,https://exchangecatalogue.com/exchange/xt-com/,not_on_register,,,,,,,,"ESMA interim MiCA register (CASPS), update of 24 Sep 2026",https://www.esma.europa.eu/sites/default/files/2024-12/CASPS.csv,2026-09-29,Not on the ESMA register of MiCA licensed firms.
DE,Germany,Backpack Exchange,https://exchangecatalogue.com/exchange/backpack-exchange/,passported,Trek Technologies SIA (Backpack EU),Latvijas Banka (Latvia),6488C2PNI17093U2YA18,LEI,Latvia,a c d e j,2026-05-27,"ESMA interim MiCA register (CASPS), update of 24 Sep 2026",https://www.esma.europa.eu/sites/default/files/2024-12/CASPS.csv,2026-09-29,Licensed in Latvia and notified to serve Germany.
DE,Germany,Binance,https://exchangecatalogue.com/exchange/binance/,not_on_register,,,,,,,,"ESMA interim MiCA register (CASPS), update of 24 Sep 2026",https://www.esma.europa.eu/sites/default/files/2024-12/CASPS.csv,2026-09-29,Not on the ESMA register of MiCA licensed firms. Binance does not hold a MiCA licence. It stopped new EU sign ups and restricted its services ahead of 1 July 2026.
DE,Germany,BingX,https://exchangecatalogue.com/exchange/bingx/,not_on_register,,,,,,,,"ESMA interim MiCA register (CASPS), update of 24 Sep 2026",https://www.esma.europa.eu/sites/default/files/2024-12/CASPS.csv,2026-09-29,Not on the ESMA register of MiCA licensed firms.
DE,Germany,Bitfinex,https://exchangecatalogue.com/exchange/bitfinex/,not_on_register,,,,,,,,"ESMA interim MiCA register (CASPS), update of 24 Sep 2026",https://www.esma.europa.eu/sites/default/files/2024-12/CASPS.csv,2026-09-29,Not on the ESMA register of MiCA licensed firms.
DE,Germany,bitFlyer,https://exchangecatalogue.com/exchange/bitflyer/,passported,bitFlyer EUROPE S.A.,CSSF (Luxembourg),984500D4465EFA89EF38,LEI,Luxembourg,a c d e j,2026-06-26,"ESMA interim MiCA register (CASPS), update of 24 Sep 2026",https://www.esma.europa.eu/sites/default/files/2024-12/CASPS.csv,2026-09-29,Licensed in Luxembourg and notified to serve Germany.
DE,Germany,Bitget,https://exchangecatalogue.com/exchange/bitget/,restricted_by_exchange,,,,,,,,Bitget terms,https://www.bitget.com/support/articles/360014944032-terms-of-use,2026-09-29,Its terms of use (15 Sep 2026) exclude residents of this country. It is not on the ESMA register of MiCA licensed firms.
DE,Germany,BitMart,https://exchangecatalogue.com/exchange/bitmart/,not_on_register,,,,,,,,"ESMA interim MiCA register (CASPS), update of 24 Sep 2026",https://www.esma.europa.eu/sites/default/files/2024-12/CASPS.csv,2026-09-29,Not on the ESMA register of MiCA licensed firms.
DE,Germany,Bitstamp,https://exchangecatalogue.com/exchange/bitstamp/,passported,Bitstamp Europe S.A.,CSSF (Luxembourg),549300XIBGTJ0PLIEO72,LEI,Luxembourg,a b c d e g j,2025-05-15,"ESMA interim MiCA register (CASPS), update of 24 Sep 2026",https://www.esma.europa.eu/sites/default/files/2024-12/CASPS.csv,2026-09-29,Licensed in Luxembourg and notified to serve Germany.
DE,Germany,Bitvavo,https://exchangecatalogue.com/exchange/bitvavo/,passported,Bitvavo B.V.,AFM (Netherlands),724500MX2WBKDJP9HE56,LEI,Netherlands,a b j,2025-06-26,"ESMA interim MiCA register (CASPS), update of 24 Sep 2026",https://www.esma.europa.eu/sites/default/files/2024-12/CASPS.csv,2026-09-29,Licensed in Netherlands and notified to serve Germany.
DE,Germany,Bullish,https://exchangecatalogue.com/exchange/bullish/,licensed,Bullish Europe GmbH,BaFin (Germany),2549008CBASK5Q680X12,LEI,Germany,a c d e j,2025-09-04,"ESMA interim MiCA register (CASPS), update of 24 Sep 2026",https://www.esma.europa.eu/sites/default/files/2024-12/CASPS.csv,2026-09-29,
DE,Germany,Bybit,https://exchangecatalogue.com/exchange/bybit/,passported,Bybit EU GmbH,FMA (Austria),5299005V5GBSN2A4C303,LEI,Austria,a c d f j,2025-05-28,"ESMA interim MiCA register (CASPS), update of 24 Sep 2026",https://www.esma.europa.eu/sites/default/files/2024-12/CASPS.csv,2026-09-29,Licensed in Austria and notified to serve Germany.
DE,Germany,CEX.IO,https://exchangecatalogue.com/exchange/cex-io/,not_on_register,,,,,,,,"ESMA interim MiCA register (CASPS), update of 24 Sep 2026",https://www.esma.europa.eu/sites/default/files/2024-12/CASPS.csv,2026-09-29,Not on the ESMA register of MiCA licensed firms.
DE,Germany,Coinbase,https://exchangecatalogue.com/exchange/coinbase-exchange/,passported,Coinbase Luxembourg S.A.,CSSF (Luxembourg),984500F14CA4571AAC11,LEI,Luxembourg,a c d e f g j,2025-06-20,"ESMA interim MiCA register (CASPS), update of 24 Sep 2026",https://www.esma.europa.eu/sites/default/files/2024-12/CASPS.csv,2026-09-29,Licensed in Luxembourg and notified to serve Germany.
DE,Germany,Crypto.com,https://exchangecatalogue.com/exchange/crypto-com-exchange/,passported,Foris DAX MT Limited,MFSA (Malta),2549005CVR5HH70FDO07,LEI,Malta,a c d e g j,2025-01-27,"ESMA interim MiCA register (CASPS), update of 24 Sep 2026",https://www.esma.europa.eu/sites/default/files/2024-12/CASPS.csv,2026-09-29,Licensed in Malta and notified to serve Germany.
DE,Germany,Gate,https://exchangecatalogue.com/exchange/gate/,passported,Gate Technology Limited,MFSA (Malta),984500D6A0F945BB5A15,LEI,Malta,a b c d e j,2025-09-29,"ESMA interim MiCA register (CASPS), update of 24 Sep 2026",https://www.esma.europa.eu/sites/default/files/2024-12/CASPS.csv,2026-09-29,Licensed in Malta and notified to serve Germany.
DE,Germany,Gemini,https://exchangecatalogue.com/exchange/gemini/,restricted_by_exchange,Gemini Intergalactic EU Ltd,MFSA (Malta),2138002QAMX8PPKSO715,LEI,Malta,a c d e f g j,2025-08-21,"ESMA interim MiCA register (CASPS), update of 24 Sep 2026",https://www.esma.europa.eu/sites/default/files/2024-12/CASPS.csv,2026-09-29,"Holds a MiCA licence, but Gemini closed all accounts in the EEA on 6 Apr 2026."
DE,Germany,HTX,https://exchangecatalogue.com/exchange/htx/,not_on_register,,,,,,,,"ESMA interim MiCA register (CASPS), update of 24 Sep 2026",https://www.esma.europa.eu/sites/default/files/2024-12/CASPS.csv,2026-09-29,Not on the ESMA register of MiCA licensed firms.
DE,Germany,Kanga,https://exchangecatalogue.com/exchange/kanga/,not_passported,SIA AlphaRoute (kangaexchange.eu),Latvijas Banka (Latvia),259400JCJJ78A4ZCXP93,LEI,Latvia,a b c d f j,2026-06-18,"ESMA interim MiCA register (CASPS), update of 24 Sep 2026",https://www.esma.europa.eu/sites/default/files/2024-12/CASPS.csv,2026-09-29,"Licensed in Latvia, but Germany is not in its list of host countries."
DE,Germany,Kraken,https://exchangecatalogue.com/exchange/kraken/,passported,Payward Europe Solutions Limited,Central Bank of Ireland,254900641D8KNHUZYX24,LEI,Ireland,a c d e f g i j,2025-06-25,"ESMA interim MiCA register (CASPS), update of 24 Sep 2026",https://www.esma.europa.eu/sites/default/files/2024-12/CASPS.csv,2026-09-29,Licensed in Ireland and notified to serve Germany.
DE,Germany,KuCoin,https://exchangecatalogue.com/exchange/kucoin/,passported,KuCoin EU Exchange GmbH,FMA (Austria),529900B4G0EGK7Z9KT45,LEI,Austria,a c d f j,2025-11-27,"ESMA interim MiCA register (CASPS), update of 24 Sep 2026",https://www.esma.europa.eu/sites/default/files/2024-12/CASPS.csv,2026-09-29,Licensed in Austria and notified to serve Germany.
DE,Germany,MEXC,https://exchangecatalogue.com/exchange/mexc/,not_on_register,,,,,,,,"ESMA interim MiCA register (CASPS), update of 24 Sep 2026",https://www.esma.europa.eu/sites/default/files/2024-12/CASPS.csv,2026-09-29,Not on the ESMA register of MiCA licensed firms.
DE,Germany,OKX,https://exchangecatalogue.com/exchange/okx/,passported,OKX Europe Limited,MFSA (Malta),54930069NLWEIGLHXU42,LEI,Malta,a b c d e f g i j,2025-01-27,"ESMA interim MiCA register (CASPS), update of 24 Sep 2026",https://www.esma.europa.eu/sites/default/files/2024-12/CASPS.csv,2026-09-29,Licensed in Malta and notified to serve Germany.
DE,Germany,One Trading,https://exchangecatalogue.com/exchange/one-trading/,passported,One Trading Exchange B.V.,AFM (Netherlands),984500AA963ED2BA8460,LEI,Netherlands,a b,2025-05-15,"ESMA interim MiCA register (CASPS), update of 24 Sep 2026",https://www.esma.europa.eu/sites/default/files/2024-12/CASPS.csv,2026-09-29,Licensed in Netherlands and notified to serve Germany.
DE,Germany,Toobit,https://exchangecatalogue.com/exchange/toobit/,not_on_register,,,,,,,,"ESMA interim MiCA register (CASPS), update of 24 Sep 2026",https://www.esma.europa.eu/sites/default/files/2024-12/CASPS.csv,2026-09-29,Not on the ESMA register of MiCA licensed firms. Its terms name a Polish company as the EEA contracting party and cite no MiCA licence.
DE,Germany,Tothemoon,https://exchangecatalogue.com/exchange/tothemoon/,passported,Brilliantscope Trading Limited,CySEC (Cyprus),9845009846V10FGD4840,LEI,Cyprus,a c d e f g j,2026-06-29,"ESMA interim MiCA register (CASPS), update of 24 Sep 2026",https://www.esma.europa.eu/sites/default/files/2024-12/CASPS.csv,2026-09-29,Licensed in Cyprus and notified to serve Germany.
DE,Germany,WhiteBIT,https://exchangecatalogue.com/exchange/whitebit/,passported,WB-Shields Innovations GmbH (WhiteBIT EU),FMA (Austria),254900ERDZ4CZ5IF7P56,LEI,Austria,a c d f j,2026-06-18,"ESMA interim MiCA register (CASPS), update of 24 Sep 2026",https://www.esma.europa.eu/sites/default/files/2024-12/CASPS.csv,2026-09-29,Licensed in Austria and notified to serve Germany.
DE,Germany,XT.COM,https://exchangecatalogue.com/exchange/xt-com/,not_on_register,,,,,,,,"ESMA interim MiCA register (CASPS), update of 24 Sep 2026",https://www.esma.europa.eu/sites/default/files/2024-12/CASPS.csv,2026-09-29,Not on the ESMA register of MiCA licensed firms.
GR,Greece,Backpack Exchange,https://exchangecatalogue.com/exchange/backpack-exchange/,passported,Trek Technologies SIA (Backpack EU),Latvijas Banka (Latvia),6488C2PNI17093U2YA18,LEI,Latvia,a c d e j,2026-05-27,"ESMA interim MiCA register (CASPS), update of 24 Sep 2026",https://www.esma.europa.eu/sites/default/files/2024-12/CASPS.csv,2026-09-29,Licensed in Latvia and notified to serve Greece.
GR,Greece,Binance,https://exchangecatalogue.com/exchange/binance/,not_on_register,,,,,,,,"ESMA interim MiCA register (CASPS), update of 24 Sep 2026",https://www.esma.europa.eu/sites/default/files/2024-12/CASPS.csv,2026-09-29,Not on the ESMA register of MiCA licensed firms. Binance does not hold a MiCA licence. It stopped new EU sign ups and restricted its services ahead of 1 July 2026.
GR,Greece,BingX,https://exchangecatalogue.com/exchange/bingx/,not_on_register,,,,,,,,"ESMA interim MiCA register (CASPS), update of 24 Sep 2026",https://www.esma.europa.eu/sites/default/files/2024-12/CASPS.csv,2026-09-29,Not on the ESMA register of MiCA licensed firms.
GR,Greece,Bitfinex,https://exchangecatalogue.com/exchange/bitfinex/,not_on_register,,,,,,,,"ESMA interim MiCA register (CASPS), update of 24 Sep 2026",https://www.esma.europa.eu/sites/default/files/2024-12/CASPS.csv,2026-09-29,Not on the ESMA register of MiCA licensed firms.
GR,Greece,bitFlyer,https://exchangecatalogue.com/exchange/bitflyer/,passported,bitFlyer EUROPE S.A.,CSSF (Luxembourg),984500D4465EFA89EF38,LEI,Luxembourg,a c d e j,2026-06-26,"ESMA interim MiCA register (CASPS), update of 24 Sep 2026",https://www.esma.europa.eu/sites/default/files/2024-12/CASPS.csv,2026-09-29,Licensed in Luxembourg and notified to serve Greece.
GR,Greece,Bitget,https://exchangecatalogue.com/exchange/bitget/,not_on_register,,,,,,,,"ESMA interim MiCA register (CASPS), update of 24 Sep 2026",https://www.esma.europa.eu/sites/default/files/2024-12/CASPS.csv,2026-09-29,Not on the ESMA register of MiCA licensed firms. Its application to the Austrian FMA was still pending on the date checked.
GR,Greece,BitMart,https://exchangecatalogue.com/exchange/bitmart/,not_on_register,,,,,,,,"ESMA interim MiCA register (CASPS), update of 24 Sep 2026",https://www.esma.europa.eu/sites/default/files/2024-12/CASPS.csv,2026-09-29,Not on the ESMA register of MiCA licensed firms.
GR,Greece,Bitstamp,https://exchangecatalogue.com/exchange/bitstamp/,passported,Bitstamp Europe S.A.,CSSF (Luxembourg),549300XIBGTJ0PLIEO72,LEI,Luxembourg,a b c d e g j,2025-05-15,"ESMA interim MiCA register (CASPS), update of 24 Sep 2026",https://www.esma.europa.eu/sites/default/files/2024-12/CASPS.csv,2026-09-29,Licensed in Luxembourg and notified to serve Greece.
GR,Greece,Bitvavo,https://exchangecatalogue.com/exchange/bitvavo/,passported,Bitvavo B.V.,AFM (Netherlands),724500MX2WBKDJP9HE56,LEI,Netherlands,a b j,2025-06-26,"ESMA interim MiCA register (CASPS), update of 24 Sep 2026",https://www.esma.europa.eu/sites/default/files/2024-12/CASPS.csv,2026-09-29,Licensed in Netherlands and notified to serve Greece.
GR,Greece,Bullish,https://exchangecatalogue.com/exchange/bullish/,passported,Bullish Europe GmbH,BaFin (Germany),2549008CBASK5Q680X12,LEI,Germany,a c d e j,2025-09-04,"ESMA interim MiCA register (CASPS), update of 24 Sep 2026",https://www.esma.europa.eu/sites/default/files/2024-12/CASPS.csv,2026-09-29,Licensed in Germany and notified to serve Greece.
GR,Greece,Bybit,https://exchangecatalogue.com/exchange/bybit/,passported,Bybit EU GmbH,FMA (Austria),5299005V5GBSN2A4C303,LEI,Austria,a c d f j,2025-05-28,"ESMA interim MiCA register (CASPS), update of 24 Sep 2026",https://www.esma.europa.eu/sites/default/files/2024-12/CASPS.csv,2026-09-29,Licensed in Austria and notified to serve Greece.
GR,Greece,CEX.IO,https://exchangecatalogue.com/exchange/cex-io/,not_on_register,,,,,,,,"ESMA interim MiCA register (CASPS), update of 24 Sep 2026",https://www.esma.europa.eu/sites/default/files/2024-12/CASPS.csv,2026-09-29,Not on the ESMA register of MiCA licensed firms.
GR,Greece,Coinbase,https://exchangecatalogue.com/exchange/coinbase-exchange/,passported,Coinbase Luxembourg S.A.,CSSF (Luxembourg),984500F14CA4571AAC11,LEI,Luxembourg,a c d e f g j,2025-06-20,"ESMA interim MiCA register (CASPS), update of 24 Sep 2026",https://www.esma.europa.eu/sites/default/files/2024-12/CASPS.csv,2026-09-29,Licensed in Luxembourg and notified to serve Greece.
GR,Greece,Crypto.com,https://exchangecatalogue.com/exchange/crypto-com-exchange/,passported,Foris DAX MT Limited,MFSA (Malta),2549005CVR5HH70FDO07,LEI,Malta,a c d e g j,2025-01-27,"ESMA interim MiCA register (CASPS), update of 24 Sep 2026",https://www.esma.europa.eu/sites/default/files/2024-12/CASPS.csv,2026-09-29,Licensed in Malta and notified to serve Greece.
GR,Greece,Gate,https://exchangecatalogue.com/exchange/gate/,passported,Gate Technology Limited,MFSA (Malta),984500D6A0F945BB5A15,LEI,Malta,a b c d e j,2025-09-29,"ESMA interim MiCA register (CASPS), update of 24 Sep 2026",https://www.esma.europa.eu/sites/default/files/2024-12/CASPS.csv,2026-09-29,Licensed in Malta and notified to serve Greece.
GR,Greece,Gemini,https://exchangecatalogue.com/exchange/gemini/,restricted_by_exchange,Gemini Intergalactic EU Ltd,MFSA (Malta),2138002QAMX8PPKSO715,LEI,Malta,a c d e f g j,2025-08-21,"ESMA interim MiCA register (CASPS), update of 24 Sep 2026",https://www.esma.europa.eu/sites/default/files/2024-12/CASPS.csv,2026-09-29,"Holds a MiCA licence, but Gemini closed all accounts in the EEA on 6 Apr 2026."
GR,Greece,HTX,https://exchangecatalogue.com/exchange/htx/,not_on_register,,,,,,,,"ESMA interim MiCA register (CASPS), update of 24 Sep 2026",https://www.esma.europa.eu/sites/default/files/2024-12/CASPS.csv,2026-09-29,Not on the ESMA register of MiCA licensed firms.
GR,Greece,Kanga,https://exchangecatalogue.com/exchange/kanga/,not_passported,SIA AlphaRoute (kangaexchange.eu),Latvijas Banka (Latvia),259400JCJJ78A4ZCXP93,LEI,Latvia,a b c d f j,2026-06-18,"ESMA interim MiCA register (CASPS), update of 24 Sep 2026",https://www.esma.europa.eu/sites/default/files/2024-12/CASPS.csv,2026-09-29,"Licensed in Latvia, but Greece is not in its list of host countries."
GR,Greece,Kraken,https://exchangecatalogue.com/exchange/kraken/,passported,Payward Europe Solutions Limited,Central Bank of Ireland,254900641D8KNHUZYX24,LEI,Ireland,a c d e f g i j,2025-06-25,"ESMA interim MiCA register (CASPS), update of 24 Sep 2026",https://www.esma.europa.eu/sites/default/files/2024-12/CASPS.csv,2026-09-29,Licensed in Ireland and notified to serve Greece.
GR,Greece,KuCoin,https://exchangecatalogue.com/exchange/kucoin/,passported,KuCoin EU Exchange GmbH,FMA (Austria),529900B4G0EGK7Z9KT45,LEI,Austria,a c d f j,2025-11-27,"ESMA interim MiCA register (CASPS), update of 24 Sep 2026",https://www.esma.europa.eu/sites/default/files/2024-12/CASPS.csv,2026-09-29,Licensed in Austria and notified to serve Greece.
GR,Greece,MEXC,https://exchangecatalogue.com/exchange/mexc/,not_on_register,,,,,,,,"ESMA interim MiCA register (CASPS), update of 24 Sep 2026",https://www.esma.europa.eu/sites/default/files/2024-12/CASPS.csv,2026-09-29,Not on the ESMA register of MiCA licensed firms.
GR,Greece,OKX,https://exchangecatalogue.com/exchange/okx/,passported,OKX Europe Limited,MFSA (Malta),54930069NLWEIGLHXU42,LEI,Malta,a b c d e f g i j,2025-01-27,"ESMA interim MiCA register (CASPS), update of 24 Sep 2026",https://www.esma.europa.eu/sites/default/files/2024-12/CASPS.csv,2026-09-29,Licensed in Malta and notified to serve Greece.
GR,Greece,One Trading,https://exchangecatalogue.com/exchange/one-trading/,passported,One Trading Exchange B.V.,AFM (Netherlands),984500AA963ED2BA8460,LEI,Netherlands,a b,2025-05-15,"ESMA interim MiCA register (CASPS), update of 24 Sep 2026",https://www.esma.europa.eu/sites/default/files/2024-12/CASPS.csv,2026-09-29,Licensed in Netherlands and notified to serve Greece.
GR,Greece,Toobit,https://exchangecatalogue.com/exchange/toobit/,not_on_register,,,,,,,,"ESMA interim MiCA register (CASPS), update of 24 Sep 2026",https://www.esma.europa.eu/sites/default/files/2024-12/CASPS.csv,2026-09-29,Not on the ESMA register of MiCA licensed firms. Its terms name a Polish company as the EEA contracting party and cite no MiCA licence.
GR,Greece,Tothemoon,https://exchangecatalogue.com/exchange/tothemoon/,passported,Brilliantscope Trading Limited,CySEC (Cyprus),9845009846V10FGD4840,LEI,Cyprus,a c d e f g j,2026-06-29,"ESMA interim MiCA register (CASPS), update of 24 Sep 2026",https://www.esma.europa.eu/sites/default/files/2024-12/CASPS.csv,2026-09-29,Licensed in Cyprus and notified to serve Greece.
GR,Greece,WhiteBIT,https://exchangecatalogue.com/exchange/whitebit/,passported,WB-Shields Innovations GmbH (WhiteBIT EU),FMA (Austria),254900ERDZ4CZ5IF7P56,LEI,Austria,a c d f j,2026-06-18,"ESMA interim MiCA register (CASPS), update of 24 Sep 2026",https://www.esma.europa.eu/sites/default/files/2024-12/CASPS.csv,2026-09-29,Licensed in Austria and notified to serve Greece.
GR,Greece,XT.COM,https://exchangecatalogue.com/exchange/xt-com/,not_on_register,,,,,,,,"ESMA interim MiCA register (CASPS), update of 24 Sep 2026",https://www.esma.europa.eu/sites/default/files/2024-12/CASPS.csv,2026-09-29,Not on the ESMA register of MiCA licensed firms.
HU,Hungary,Backpack Exchange,https://exchangecatalogue.com/exchange/backpack-exchange/,passported,Trek Technologies SIA (Backpack EU),Latvijas Banka (Latvia),6488C2PNI17093U2YA18,LEI,Latvia,a c d e j,2026-05-27,"ESMA interim MiCA register (CASPS), update of 24 Sep 2026",https://www.esma.europa.eu/sites/default/files/2024-12/CASPS.csv,2026-09-29,Licensed in Latvia and notified to serve Hungary.
HU,Hungary,Binance,https://exchangecatalogue.com/exchange/binance/,not_on_register,,,,,,,,"ESMA interim MiCA register (CASPS), update of 24 Sep 2026",https://www.esma.europa.eu/sites/default/files/2024-12/CASPS.csv,2026-09-29,Not on the ESMA register of MiCA licensed firms. Binance does not hold a MiCA licence. It stopped new EU sign ups and restricted its services ahead of 1 July 2026.
HU,Hungary,BingX,https://exchangecatalogue.com/exchange/bingx/,not_on_register,,,,,,,,"ESMA interim MiCA register (CASPS), update of 24 Sep 2026",https://www.esma.europa.eu/sites/default/files/2024-12/CASPS.csv,2026-09-29,Not on the ESMA register of MiCA licensed firms.
HU,Hungary,Bitfinex,https://exchangecatalogue.com/exchange/bitfinex/,not_on_register,,,,,,,,"ESMA interim MiCA register (CASPS), update of 24 Sep 2026",https://www.esma.europa.eu/sites/default/files/2024-12/CASPS.csv,2026-09-29,Not on the ESMA register of MiCA licensed firms.
HU,Hungary,bitFlyer,https://exchangecatalogue.com/exchange/bitflyer/,passported,bitFlyer EUROPE S.A.,CSSF (Luxembourg),984500D4465EFA89EF38,LEI,Luxembourg,a c d e j,2026-06-26,"ESMA interim MiCA register (CASPS), update of 24 Sep 2026",https://www.esma.europa.eu/sites/default/files/2024-12/CASPS.csv,2026-09-29,Licensed in Luxembourg and notified to serve Hungary.
HU,Hungary,Bitget,https://exchangecatalogue.com/exchange/bitget/,not_on_register,,,,,,,,"ESMA interim MiCA register (CASPS), update of 24 Sep 2026",https://www.esma.europa.eu/sites/default/files/2024-12/CASPS.csv,2026-09-29,Not on the ESMA register of MiCA licensed firms. Its application to the Austrian FMA was still pending on the date checked.
HU,Hungary,BitMart,https://exchangecatalogue.com/exchange/bitmart/,not_on_register,,,,,,,,"ESMA interim MiCA register (CASPS), update of 24 Sep 2026",https://www.esma.europa.eu/sites/default/files/2024-12/CASPS.csv,2026-09-29,Not on the ESMA register of MiCA licensed firms.
HU,Hungary,Bitstamp,https://exchangecatalogue.com/exchange/bitstamp/,passported,Bitstamp Europe S.A.,CSSF (Luxembourg),549300XIBGTJ0PLIEO72,LEI,Luxembourg,a b c d e g j,2025-05-15,"ESMA interim MiCA register (CASPS), update of 24 Sep 2026",https://www.esma.europa.eu/sites/default/files/2024-12/CASPS.csv,2026-09-29,Licensed in Luxembourg and notified to serve Hungary.
HU,Hungary,Bitvavo,https://exchangecatalogue.com/exchange/bitvavo/,passported,Bitvavo B.V.,AFM (Netherlands),724500MX2WBKDJP9HE56,LEI,Netherlands,a b j,2025-06-26,"ESMA interim MiCA register (CASPS), update of 24 Sep 2026",https://www.esma.europa.eu/sites/default/files/2024-12/CASPS.csv,2026-09-29,Licensed in Netherlands and notified to serve Hungary.
HU,Hungary,Bullish,https://exchangecatalogue.com/exchange/bullish/,passported,Bullish Europe GmbH,BaFin (Germany),2549008CBASK5Q680X12,LEI,Germany,a c d e j,2025-09-04,"ESMA interim MiCA register (CASPS), update of 24 Sep 2026",https://www.esma.europa.eu/sites/default/files/2024-12/CASPS.csv,2026-09-29,Licensed in Germany and notified to serve Hungary.
HU,Hungary,Bybit,https://exchangecatalogue.com/exchange/bybit/,passported,Bybit EU GmbH,FMA (Austria),5299005V5GBSN2A4C303,LEI,Austria,a c d f j,2025-05-28,"ESMA interim MiCA register (CASPS), update of 24 Sep 2026",https://www.esma.europa.eu/sites/default/files/2024-12/CASPS.csv,2026-09-29,Licensed in Austria and notified to serve Hungary.
HU,Hungary,CEX.IO,https://exchangecatalogue.com/exchange/cex-io/,not_on_register,,,,,,,,"ESMA interim MiCA register (CASPS), update of 24 Sep 2026",https://www.esma.europa.eu/sites/default/files/2024-12/CASPS.csv,2026-09-29,Not on the ESMA register of MiCA licensed firms.
HU,Hungary,Coinbase,https://exchangecatalogue.com/exchange/coinbase-exchange/,passported,Coinbase Luxembourg S.A.,CSSF (Luxembourg),984500F14CA4571AAC11,LEI,Luxembourg,a c d e f g j,2025-06-20,"ESMA interim MiCA register (CASPS), update of 24 Sep 2026",https://www.esma.europa.eu/sites/default/files/2024-12/CASPS.csv,2026-09-29,Licensed in Luxembourg and notified to serve Hungary.
HU,Hungary,Crypto.com,https://exchangecatalogue.com/exchange/crypto-com-exchange/,passported,Foris DAX MT Limited,MFSA (Malta),2549005CVR5HH70FDO07,LEI,Malta,a c d e g j,2025-01-27,"ESMA interim MiCA register (CASPS), update of 24 Sep 2026",https://www.esma.europa.eu/sites/default/files/2024-12/CASPS.csv,2026-09-29,Licensed in Malta and notified to serve Hungary.
HU,Hungary,Gate,https://exchangecatalogue.com/exchange/gate/,passported,Gate Technology Limited,MFSA (Malta),984500D6A0F945BB5A15,LEI,Malta,a b c d e j,2025-09-29,"ESMA interim MiCA register (CASPS), update of 24 Sep 2026",https://www.esma.europa.eu/sites/default/files/2024-12/CASPS.csv,2026-09-29,Licensed in Malta and notified to serve Hungary.
HU,Hungary,Gemini,https://exchangecatalogue.com/exchange/gemini/,restricted_by_exchange,Gemini Intergalactic EU Ltd,MFSA (Malta),2138002QAMX8PPKSO715,LEI,Malta,a c d e f g j,2025-08-21,"ESMA interim MiCA register (CASPS), update of 24 Sep 2026",https://www.esma.europa.eu/sites/default/files/2024-12/CASPS.csv,2026-09-29,"Holds a MiCA licence, but Gemini closed all accounts in the EEA on 6 Apr 2026."
HU,Hungary,HTX,https://exchangecatalogue.com/exchange/htx/,not_on_register,,,,,,,,"ESMA interim MiCA register (CASPS), update of 24 Sep 2026",https://www.esma.europa.eu/sites/default/files/2024-12/CASPS.csv,2026-09-29,Not on the ESMA register of MiCA licensed firms.
HU,Hungary,Kanga,https://exchangecatalogue.com/exchange/kanga/,passported,SIA AlphaRoute (kangaexchange.eu),Latvijas Banka (Latvia),259400JCJJ78A4ZCXP93,LEI,Latvia,a b c d f j,2026-06-18,"ESMA interim MiCA register (CASPS), update of 24 Sep 2026",https://www.esma.europa.eu/sites/default/files/2024-12/CASPS.csv,2026-09-29,Licensed in Latvia and notified to serve Hungary.
HU,Hungary,Kraken,https://exchangecatalogue.com/exchange/kraken/,passported,Payward Europe Solutions Limited,Central Bank of Ireland,254900641D8KNHUZYX24,LEI,Ireland,a c d e f g i j,2025-06-25,"ESMA interim MiCA register (CASPS), update of 24 Sep 2026",https://www.esma.europa.eu/sites/default/files/2024-12/CASPS.csv,2026-09-29,Licensed in Ireland and notified to serve Hungary.
HU,Hungary,KuCoin,https://exchangecatalogue.com/exchange/kucoin/,passported,KuCoin EU Exchange GmbH,FMA (Austria),529900B4G0EGK7Z9KT45,LEI,Austria,a c d f j,2025-11-27,"ESMA interim MiCA register (CASPS), update of 24 Sep 2026",https://www.esma.europa.eu/sites/default/files/2024-12/CASPS.csv,2026-09-29,Licensed in Austria and notified to serve Hungary.
HU,Hungary,MEXC,https://exchangecatalogue.com/exchange/mexc/,not_on_register,,,,,,,,"ESMA interim MiCA register (CASPS), update of 24 Sep 2026",https://www.esma.europa.eu/sites/default/files/2024-12/CASPS.csv,2026-09-29,Not on the ESMA register of MiCA licensed firms.
HU,Hungary,OKX,https://exchangecatalogue.com/exchange/okx/,passported,OKX Europe Limited,MFSA (Malta),54930069NLWEIGLHXU42,LEI,Malta,a b c d e f g i j,2025-01-27,"ESMA interim MiCA register (CASPS), update of 24 Sep 2026",https://www.esma.europa.eu/sites/default/files/2024-12/CASPS.csv,2026-09-29,Licensed in Malta and notified to serve Hungary.
HU,Hungary,One Trading,https://exchangecatalogue.com/exchange/one-trading/,passported,One Trading Exchange B.V.,AFM (Netherlands),984500AA963ED2BA8460,LEI,Netherlands,a b,2025-05-15,"ESMA interim MiCA register (CASPS), update of 24 Sep 2026",https://www.esma.europa.eu/sites/default/files/2024-12/CASPS.csv,2026-09-29,Licensed in Netherlands and notified to serve Hungary.
HU,Hungary,Toobit,https://exchangecatalogue.com/exchange/toobit/,not_on_register,,,,,,,,"ESMA interim MiCA register (CASPS), update of 24 Sep 2026",https://www.esma.europa.eu/sites/default/files/2024-12/CASPS.csv,2026-09-29,Not on the ESMA register of MiCA licensed firms. Its terms name a Polish company as the EEA contracting party and cite no MiCA licence.
HU,Hungary,Tothemoon,https://exchangecatalogue.com/exchange/tothemoon/,passported,Brilliantscope Trading Limited,CySEC (Cyprus),9845009846V10FGD4840,LEI,Cyprus,a c d e f g j,2026-06-29,"ESMA interim MiCA register (CASPS), update of 24 Sep 2026",https://www.esma.europa.eu/sites/default/files/2024-12/CASPS.csv,2026-09-29,Licensed in Cyprus and notified to serve Hungary.
HU,Hungary,WhiteBIT,https://exchangecatalogue.com/exchange/whitebit/,passported,WB-Shields Innovations GmbH (WhiteBIT EU),FMA (Austria),254900ERDZ4CZ5IF7P56,LEI,Austria,a c d f j,2026-06-18,"ESMA interim MiCA register (CASPS), update of 24 Sep 2026",https://www.esma.europa.eu/sites/default/files/2024-12/CASPS.csv,2026-09-29,Licensed in Austria and notified to serve Hungary.
HU,Hungary,XT.COM,https://exchangecatalogue.com/exchange/xt-com/,not_on_register,,,,,,,,"ESMA interim MiCA register (CASPS), update of 24 Sep 2026",https://www.esma.europa.eu/sites/default/files/2024-12/CASPS.csv,2026-09-29,Not on the ESMA register of MiCA licensed firms.
IS,Iceland,Backpack Exchange,https://exchangecatalogue.com/exchange/backpack-exchange/,passported,Trek Technologies SIA (Backpack EU),Latvijas Banka (Latvia),6488C2PNI17093U2YA18,LEI,Latvia,a c d e j,2026-05-27,"ESMA interim MiCA register (CASPS), update of 24 Sep 2026",https://www.esma.europa.eu/sites/default/files/2024-12/CASPS.csv,2026-09-29,Licensed in Latvia and notified to serve Iceland.
IS,Iceland,Binance,https://exchangecatalogue.com/exchange/binance/,not_on_register,,,,,,,,"ESMA interim MiCA register (CASPS), update of 24 Sep 2026",https://www.esma.europa.eu/sites/default/files/2024-12/CASPS.csv,2026-09-29,Not on the ESMA register of MiCA licensed firms. Binance does not hold a MiCA licence. It stopped new EU sign ups and restricted its services ahead of 1 July 2026.
IS,Iceland,BingX,https://exchangecatalogue.com/exchange/bingx/,not_on_register,,,,,,,,"ESMA interim MiCA register (CASPS), update of 24 Sep 2026",https://www.esma.europa.eu/sites/default/files/2024-12/CASPS.csv,2026-09-29,Not on the ESMA register of MiCA licensed firms.
IS,Iceland,Bitfinex,https://exchangecatalogue.com/exchange/bitfinex/,not_on_register,,,,,,,,"ESMA interim MiCA register (CASPS), update of 24 Sep 2026",https://www.esma.europa.eu/sites/default/files/2024-12/CASPS.csv,2026-09-29,Not on the ESMA register of MiCA licensed firms.
IS,Iceland,bitFlyer,https://exchangecatalogue.com/exchange/bitflyer/,passported,bitFlyer EUROPE S.A.,CSSF (Luxembourg),984500D4465EFA89EF38,LEI,Luxembourg,a c d e j,2026-06-26,"ESMA interim MiCA register (CASPS), update of 24 Sep 2026",https://www.esma.europa.eu/sites/default/files/2024-12/CASPS.csv,2026-09-29,Licensed in Luxembourg and notified to serve Iceland.
IS,Iceland,Bitget,https://exchangecatalogue.com/exchange/bitget/,not_on_register,,,,,,,,"ESMA interim MiCA register (CASPS), update of 24 Sep 2026",https://www.esma.europa.eu/sites/default/files/2024-12/CASPS.csv,2026-09-29,Not on the ESMA register of MiCA licensed firms. Its application to the Austrian FMA was still pending on the date checked.
IS,Iceland,BitMart,https://exchangecatalogue.com/exchange/bitmart/,not_on_register,,,,,,,,"ESMA interim MiCA register (CASPS), update of 24 Sep 2026",https://www.esma.europa.eu/sites/default/files/2024-12/CASPS.csv,2026-09-29,Not on the ESMA register of MiCA licensed firms.
IS,Iceland,Bitstamp,https://exchangecatalogue.com/exchange/bitstamp/,passported,Bitstamp Europe S.A.,CSSF (Luxembourg),549300XIBGTJ0PLIEO72,LEI,Luxembourg,a b c d e g j,2025-05-15,"ESMA interim MiCA register (CASPS), update of 24 Sep 2026",https://www.esma.europa.eu/sites/default/files/2024-12/CASPS.csv,2026-09-29,Licensed in Luxembourg and notified to serve Iceland.
IS,Iceland,Bitvavo,https://exchangecatalogue.com/exchange/bitvavo/,passported,Bitvavo B.V.,AFM (Netherlands),724500MX2WBKDJP9HE56,LEI,Netherlands,a b j,2025-06-26,"ESMA interim MiCA register (CASPS), update of 24 Sep 2026",https://www.esma.europa.eu/sites/default/files/2024-12/CASPS.csv,2026-09-29,Licensed in Netherlands and notified to serve Iceland.
IS,Iceland,Bullish,https://exchangecatalogue.com/exchange/bullish/,passported,Bullish Europe GmbH,BaFin (Germany),2549008CBASK5Q680X12,LEI,Germany,a c d e j,2025-09-04,"ESMA interim MiCA register (CASPS), update of 24 Sep 2026",https://www.esma.europa.eu/sites/default/files/2024-12/CASPS.csv,2026-09-29,Licensed in Germany and notified to serve Iceland.
IS,Iceland,Bybit,https://exchangecatalogue.com/exchange/bybit/,passported,Bybit EU GmbH,FMA (Austria),5299005V5GBSN2A4C303,LEI,Austria,a c d f j,2025-05-28,"ESMA interim MiCA register (CASPS), update of 24 Sep 2026",https://www.esma.europa.eu/sites/default/files/2024-12/CASPS.csv,2026-09-29,Licensed in Austria and notified to serve Iceland.
IS,Iceland,CEX.IO,https://exchangecatalogue.com/exchange/cex-io/,not_on_register,,,,,,,,"ESMA interim MiCA register (CASPS), update of 24 Sep 2026",https://www.esma.europa.eu/sites/default/files/2024-12/CASPS.csv,2026-09-29,Not on the ESMA register of MiCA licensed firms.
IS,Iceland,Coinbase,https://exchangecatalogue.com/exchange/coinbase-exchange/,passported,Coinbase Luxembourg S.A.,CSSF (Luxembourg),984500F14CA4571AAC11,LEI,Luxembourg,a c d e f g j,2025-06-20,"ESMA interim MiCA register (CASPS), update of 24 Sep 2026",https://www.esma.europa.eu/sites/default/files/2024-12/CASPS.csv,2026-09-29,Licensed in Luxembourg and notified to serve Iceland.
IS,Iceland,Crypto.com,https://exchangecatalogue.com/exchange/crypto-com-exchange/,passported,Foris DAX MT Limited,MFSA (Malta),2549005CVR5HH70FDO07,LEI,Malta,a c d e g j,2025-01-27,"ESMA interim MiCA register (CASPS), update of 24 Sep 2026",https://www.esma.europa.eu/sites/default/files/2024-12/CASPS.csv,2026-09-29,Licensed in Malta and notified to serve Iceland.
IS,Iceland,Gate,https://exchangecatalogue.com/exchange/gate/,passported,Gate Technology Limited,MFSA (Malta),984500D6A0F945BB5A15,LEI,Malta,a b c d e j,2025-09-29,"ESMA interim MiCA register (CASPS), update of 24 Sep 2026",https://www.esma.europa.eu/sites/default/files/2024-12/CASPS.csv,2026-09-29,Licensed in Malta and notified to serve Iceland.
IS,Iceland,Gemini,https://exchangecatalogue.com/exchange/gemini/,restricted_by_exchange,Gemini Intergalactic EU Ltd,MFSA (Malta),2138002QAMX8PPKSO715,LEI,Malta,a c d e f g j,2025-08-21,"ESMA interim MiCA register (CASPS), update of 24 Sep 2026",https://www.esma.europa.eu/sites/default/files/2024-12/CASPS.csv,2026-09-29,"Holds a MiCA licence, but Gemini closed all accounts in the EEA on 6 Apr 2026."
IS,Iceland,HTX,https://exchangecatalogue.com/exchange/htx/,not_on_register,,,,,,,,"ESMA interim MiCA register (CASPS), update of 24 Sep 2026",https://www.esma.europa.eu/sites/default/files/2024-12/CASPS.csv,2026-09-29,Not on the ESMA register of MiCA licensed firms.
IS,Iceland,Kanga,https://exchangecatalogue.com/exchange/kanga/,not_passported,SIA AlphaRoute (kangaexchange.eu),Latvijas Banka (Latvia),259400JCJJ78A4ZCXP93,LEI,Latvia,a b c d f j,2026-06-18,"ESMA interim MiCA register (CASPS), update of 24 Sep 2026",https://www.esma.europa.eu/sites/default/files/2024-12/CASPS.csv,2026-09-29,"Licensed in Latvia, but Iceland is not in its list of host countries."
IS,Iceland,Kraken,https://exchangecatalogue.com/exchange/kraken/,passported,Payward Europe Solutions Limited,Central Bank of Ireland,254900641D8KNHUZYX24,LEI,Ireland,a c d e f g i j,2025-06-25,"ESMA interim MiCA register (CASPS), update of 24 Sep 2026",https://www.esma.europa.eu/sites/default/files/2024-12/CASPS.csv,2026-09-29,Licensed in Ireland and notified to serve Iceland.
IS,Iceland,KuCoin,https://exchangecatalogue.com/exchange/kucoin/,passported,KuCoin EU Exchange GmbH,FMA (Austria),529900B4G0EGK7Z9KT45,LEI,Austria,a c d f j,2025-11-27,"ESMA interim MiCA register (CASPS), update of 24 Sep 2026",https://www.esma.europa.eu/sites/default/files/2024-12/CASPS.csv,2026-09-29,Licensed in Austria and notified to serve Iceland.
IS,Iceland,MEXC,https://exchangecatalogue.com/exchange/mexc/,not_on_register,,,,,,,,"ESMA interim MiCA register (CASPS), update of 24 Sep 2026",https://www.esma.europa.eu/sites/default/files/2024-12/CASPS.csv,2026-09-29,Not on the ESMA register of MiCA licensed firms.
IS,Iceland,OKX,https://exchangecatalogue.com/exchange/okx/,passported,OKX Europe Limited,MFSA (Malta),54930069NLWEIGLHXU42,LEI,Malta,a b c d e f g i j,2025-01-27,"ESMA interim MiCA register (CASPS), update of 24 Sep 2026",https://www.esma.europa.eu/sites/default/files/2024-12/CASPS.csv,2026-09-29,Licensed in Malta and notified to serve Iceland.
IS,Iceland,One Trading,https://exchangecatalogue.com/exchange/one-trading/,passported,One Trading Exchange B.V.,AFM (Netherlands),984500AA963ED2BA8460,LEI,Netherlands,a b,2025-05-15,"ESMA interim MiCA register (CASPS), update of 24 Sep 2026",https://www.esma.europa.eu/sites/default/files/2024-12/CASPS.csv,2026-09-29,Licensed in Netherlands and notified to serve Iceland.
IS,Iceland,Toobit,https://exchangecatalogue.com/exchange/toobit/,not_on_register,,,,,,,,"ESMA interim MiCA register (CASPS), update of 24 Sep 2026",https://www.esma.europa.eu/sites/default/files/2024-12/CASPS.csv,2026-09-29,Not on the ESMA register of MiCA licensed firms. Its terms name a Polish company as the EEA contracting party and cite no MiCA licence.
IS,Iceland,Tothemoon,https://exchangecatalogue.com/exchange/tothemoon/,passported,Brilliantscope Trading Limited,CySEC (Cyprus),9845009846V10FGD4840,LEI,Cyprus,a c d e f g j,2026-06-29,"ESMA interim MiCA register (CASPS), update of 24 Sep 2026",https://www.esma.europa.eu/sites/default/files/2024-12/CASPS.csv,2026-09-29,Licensed in Cyprus and notified to serve Iceland.
IS,Iceland,WhiteBIT,https://exchangecatalogue.com/exchange/whitebit/,passported,WB-Shields Innovations GmbH (WhiteBIT EU),FMA (Austria),254900ERDZ4CZ5IF7P56,LEI,Austria,a c d f j,2026-06-18,"ESMA interim MiCA register (CASPS), update of 24 Sep 2026",https://www.esma.europa.eu/sites/default/files/2024-12/CASPS.csv,2026-09-29,Licensed in Austria and notified to serve Iceland.
IS,Iceland,XT.COM,https://exchangecatalogue.com/exchange/xt-com/,not_on_register,,,,,,,,"ESMA interim MiCA register (CASPS), update of 24 Sep 2026",https://www.esma.europa.eu/sites/default/files/2024-12/CASPS.csv,2026-09-29,Not on the ESMA register of MiCA licensed firms.
IN,India,Backpack Exchange,https://exchangecatalogue.com/exchange/backpack-exchange/,unclear,,FIU-IND,,,,,,FIU-IND and press,https://pib.gov.in/PressReleasePage.aspx?PRID=1991372,2026-09-29,"FIU-IND publishes no list of registered platforms, and we found no public record either way."
IN,India,Binance,https://exchangecatalogue.com/exchange/binance/,registered,,FIU-IND,,,,,2024-05-10,"CoinDesk, 10 May 2024",https://www.coindesk.com/policy/2024/05/10/binance-kucoin-win-registration-with-indias-financial-intelligence-unit,2026-09-29,Registered with FIU-IND in 2024 after being named in the 28 Dec 2023 notice.
IN,India,BingX,https://exchangecatalogue.com/exchange/bingx/,warning,,FIU-IND,,,,,2025-10-01,"CoinGeek, 7 Oct 2025",https://coingeek.com/indian-regulator-issues-notices-to-25-offshore-crypto-platforms/,2026-09-29,Named among 25 offshore platforms that received FIU-IND non-compliance notices in October 2025.
IN,India,Bitfinex,https://exchangecatalogue.com/exchange/bitfinex/,blocked,,FIU-IND,,,,,2023-12-28,"PIB, 28 Dec 2023",https://pib.gov.in/PressReleasePage.aspx?PRID=1991372,2026-09-29,"Named in the FIU-IND notice of 28 Dec 2023, which asked for its websites to be blocked. We found no later registration."
IN,India,bitFlyer,https://exchangecatalogue.com/exchange/bitflyer/,unclear,,FIU-IND,,,,,,FIU-IND and press,https://pib.gov.in/PressReleasePage.aspx?PRID=1991372,2026-09-29,"FIU-IND publishes no list of registered platforms, and we found no public record either way."
IN,India,Bitget,https://exchangecatalogue.com/exchange/bitget/,unclear,,FIU-IND,,,,,,FIU-IND and press,https://pib.gov.in/PressReleasePage.aspx?PRID=1991372,2026-09-29,"FIU-IND publishes no list of registered platforms, and we found no public record either way."
IN,India,BitMart,https://exchangecatalogue.com/exchange/bitmart/,unclear,,FIU-IND,,,,,,FIU-IND and press,https://pib.gov.in/PressReleasePage.aspx?PRID=1991372,2026-09-29,"FIU-IND publishes no list of registered platforms, and we found no public record either way."
IN,India,Bitstamp,https://exchangecatalogue.com/exchange/bitstamp/,blocked,,FIU-IND,,,,,2023-12-28,"PIB, 28 Dec 2023",https://pib.gov.in/PressReleasePage.aspx?PRID=1991372,2026-09-29,"Named in the FIU-IND notice of 28 Dec 2023, which asked for its websites to be blocked. We found no later registration."
IN,India,Bitvavo,https://exchangecatalogue.com/exchange/bitvavo/,restricted_by_exchange,,FIU-IND,,,,,,Bitvavo terms,https://bitvavo.com/en/terms,2026-09-29,Its terms offer accounts to residents of EEA countries.
IN,India,Bullish,https://exchangecatalogue.com/exchange/bullish/,unclear,,FIU-IND,,,,,,FIU-IND and press,https://pib.gov.in/PressReleasePage.aspx?PRID=1991372,2026-09-29,"FIU-IND publishes no list of registered platforms, and we found no public record either way."
IN,India,Bybit,https://exchangecatalogue.com/exchange/bybit/,registered,,FIU-IND,,,,,2025-02-06,"CoinDesk, 6 Feb 2025",https://www.coindesk.com/policy/2025/02/06/crypto-exchange-bybit-receives-india-clearance-after-settling-usd1m-fine,2026-09-29,Registered with FIU-IND after settling a penalty in 2025.
IN,India,CEX.IO,https://exchangecatalogue.com/exchange/cex-io/,warning,,FIU-IND,,,,,2025-10-01,"CoinGeek, 7 Oct 2025",https://coingeek.com/indian-regulator-issues-notices-to-25-offshore-crypto-platforms/,2026-09-29,Named among 25 offshore platforms that received FIU-IND non-compliance notices in October 2025.
IN,India,Coinbase,https://exchangecatalogue.com/exchange/coinbase-exchange/,registered,,FIU-IND,,,,,2025-12-08,"CoinDesk, 8 Dec 2025",https://www.coindesk.com/markets/2025/12/08/coinbase-reopens-india-signups-targets-fiat-on-ramp-in-2026-after-two-year-freeze,2026-09-29,Completed FIU-IND registration in 2025.
IN,India,Crypto.com,https://exchangecatalogue.com/exchange/crypto-com-exchange/,unclear,,FIU-IND,,,,,,FIU-IND and press,https://pib.gov.in/PressReleasePage.aspx?PRID=1991372,2026-09-29,"FIU-IND publishes no list of registered platforms, and we found no public record either way."
IN,India,Gate,https://exchangecatalogue.com/exchange/gate/,blocked,,FIU-IND,,,,,2023-12-28,"PIB, 28 Dec 2023",https://pib.gov.in/PressReleasePage.aspx?PRID=1991372,2026-09-29,"Named in the FIU-IND notice of 28 Dec 2023, which asked for its websites to be blocked. We found no later registration."
IN,India,Gemini,https://exchangecatalogue.com/exchange/gemini/,unclear,,FIU-IND,,,,,,FIU-IND and press,https://pib.gov.in/PressReleasePage.aspx?PRID=1991372,2026-09-29,"FIU-IND publishes no list of registered platforms, and we found no public record either way."
IN,India,HTX,https://exchangecatalogue.com/exchange/htx/,blocked,,FIU-IND,,,,,2023-12-28,"PIB, 28 Dec 2023",https://pib.gov.in/PressReleasePage.aspx?PRID=1991372,2026-09-29,"Named (as Huobi) in the FIU-IND notice of 28 Dec 2023, which asked for its websites to be blocked. We found no later registration."
IN,India,Kanga,https://exchangecatalogue.com/exchange/kanga/,unclear,,FIU-IND,,,,,,FIU-IND and press,https://pib.gov.in/PressReleasePage.aspx?PRID=1991372,2026-09-29,"FIU-IND publishes no list of registered platforms, and we found no public record either way."
IN,India,Kraken,https://exchangecatalogue.com/exchange/kraken/,blocked,,FIU-IND,,,,,2023-12-28,"PIB, 28 Dec 2023",https://pib.gov.in/PressReleasePage.aspx?PRID=1991372,2026-09-29,"Named in the FIU-IND notice of 28 Dec 2023, which asked for its websites to be blocked. We found no later registration."
IN,India,KuCoin,https://exchangecatalogue.com/exchange/kucoin/,registered,,FIU-IND,,,,,2024-05-10,"CoinDesk, 10 May 2024",https://www.coindesk.com/policy/2024/05/10/binance-kucoin-win-registration-with-indias-financial-intelligence-unit,2026-09-29,Registered with FIU-IND in 2024 after being named in the 28 Dec 2023 notice.
IN,India,MEXC,https://exchangecatalogue.com/exchange/mexc/,blocked,,FIU-IND,,,,,2023-12-28,"PIB, 28 Dec 2023",https://pib.gov.in/PressReleasePage.aspx?PRID=1991372,2026-09-29,"Named in the FIU-IND notice of 28 Dec 2023, which asked for its websites to be blocked. We found no later registration."
IN,India,OKX,https://exchangecatalogue.com/exchange/okx/,restricted_by_exchange,,FIU-IND,,,,,2024-04-30,"CoinDesk, 21 Mar 2024",https://www.coindesk.com/policy/2024/03/21/crypto-exchange-okx-to-end-services-in-india,2026-09-29,OKX ended its services in India in 2024.
IN,India,One Trading,https://exchangecatalogue.com/exchange/one-trading/,unclear,,FIU-IND,,,,,,FIU-IND and press,https://pib.gov.in/PressReleasePage.aspx?PRID=1991372,2026-09-29,"FIU-IND publishes no list of registered platforms, and we found no public record either way."
IN,India,Toobit,https://exchangecatalogue.com/exchange/toobit/,blocked,,FIU-IND,,,,,2026-09-09,"CoinDesk, 9 Sep 2026",https://www.coindesk.com/policy/2026/09/09/india-s-financial-intelligence-unit-flags-15-crypto-platforms-for-aml-lapses,2026-09-29,Named in the FIU-IND action of 9 Sep 2026: a non-compliance notice and a request to take down its apps and websites.
IN,India,Tothemoon,https://exchangecatalogue.com/exchange/tothemoon/,unclear,,FIU-IND,,,,,,FIU-IND and press,https://pib.gov.in/PressReleasePage.aspx?PRID=1991372,2026-09-29,"FIU-IND publishes no list of registered platforms, and we found no public record either way."
IN,India,WhiteBIT,https://exchangecatalogue.com/exchange/whitebit/,blocked,,FIU-IND,,,,,2026-09-09,"CoinDesk, 9 Sep 2026",https://www.coindesk.com/policy/2026/09/09/india-s-financial-intelligence-unit-flags-15-crypto-platforms-for-aml-lapses,2026-09-29,Named in the FIU-IND action of 9 Sep 2026: a non-compliance notice and a request to take down its apps and websites.
IN,India,XT.COM,https://exchangecatalogue.com/exchange/xt-com/,blocked,,FIU-IND,,,,,2026-09-09,"CoinDesk, 9 Sep 2026",https://www.coindesk.com/policy/2026/09/09/india-s-financial-intelligence-unit-flags-15-crypto-platforms-for-aml-lapses,2026-09-29,Named in the FIU-IND action of 9 Sep 2026: a non-compliance notice and a request to take down its apps and websites.
IE,Ireland,Backpack Exchange,https://exchangecatalogue.com/exchange/backpack-exchange/,passported,Trek Technologies SIA (Backpack EU),Latvijas Banka (Latvia),6488C2PNI17093U2YA18,LEI,Latvia,a c d e j,2026-05-27,"ESMA interim MiCA register (CASPS), update of 24 Sep 2026",https://www.esma.europa.eu/sites/default/files/2024-12/CASPS.csv,2026-09-29,Licensed in Latvia and notified to serve Ireland.
IE,Ireland,Binance,https://exchangecatalogue.com/exchange/binance/,not_on_register,,,,,,,,"ESMA interim MiCA register (CASPS), update of 24 Sep 2026",https://www.esma.europa.eu/sites/default/files/2024-12/CASPS.csv,2026-09-29,Not on the ESMA register of MiCA licensed firms. Binance does not hold a MiCA licence. It stopped new EU sign ups and restricted its services ahead of 1 July 2026.
IE,Ireland,BingX,https://exchangecatalogue.com/exchange/bingx/,not_on_register,,,,,,,,"ESMA interim MiCA register (CASPS), update of 24 Sep 2026",https://www.esma.europa.eu/sites/default/files/2024-12/CASPS.csv,2026-09-29,Not on the ESMA register of MiCA licensed firms.
IE,Ireland,Bitfinex,https://exchangecatalogue.com/exchange/bitfinex/,not_on_register,,,,,,,,"ESMA interim MiCA register (CASPS), update of 24 Sep 2026",https://www.esma.europa.eu/sites/default/files/2024-12/CASPS.csv,2026-09-29,Not on the ESMA register of MiCA licensed firms.
IE,Ireland,bitFlyer,https://exchangecatalogue.com/exchange/bitflyer/,passported,bitFlyer EUROPE S.A.,CSSF (Luxembourg),984500D4465EFA89EF38,LEI,Luxembourg,a c d e j,2026-06-26,"ESMA interim MiCA register (CASPS), update of 24 Sep 2026",https://www.esma.europa.eu/sites/default/files/2024-12/CASPS.csv,2026-09-29,Licensed in Luxembourg and notified to serve Ireland.
IE,Ireland,Bitget,https://exchangecatalogue.com/exchange/bitget/,not_on_register,,,,,,,,"ESMA interim MiCA register (CASPS), update of 24 Sep 2026",https://www.esma.europa.eu/sites/default/files/2024-12/CASPS.csv,2026-09-29,Not on the ESMA register of MiCA licensed firms. Its application to the Austrian FMA was still pending on the date checked.
IE,Ireland,BitMart,https://exchangecatalogue.com/exchange/bitmart/,not_on_register,,,,,,,,"ESMA interim MiCA register (CASPS), update of 24 Sep 2026",https://www.esma.europa.eu/sites/default/files/2024-12/CASPS.csv,2026-09-29,Not on the ESMA register of MiCA licensed firms.
IE,Ireland,Bitstamp,https://exchangecatalogue.com/exchange/bitstamp/,passported,Bitstamp Europe S.A.,CSSF (Luxembourg),549300XIBGTJ0PLIEO72,LEI,Luxembourg,a b c d e g j,2025-05-15,"ESMA interim MiCA register (CASPS), update of 24 Sep 2026",https://www.esma.europa.eu/sites/default/files/2024-12/CASPS.csv,2026-09-29,Licensed in Luxembourg and notified to serve Ireland.
IE,Ireland,Bitvavo,https://exchangecatalogue.com/exchange/bitvavo/,passported,Bitvavo B.V.,AFM (Netherlands),724500MX2WBKDJP9HE56,LEI,Netherlands,a b j,2025-06-26,"ESMA interim MiCA register (CASPS), update of 24 Sep 2026",https://www.esma.europa.eu/sites/default/files/2024-12/CASPS.csv,2026-09-29,Licensed in Netherlands and notified to serve Ireland.
IE,Ireland,Bullish,https://exchangecatalogue.com/exchange/bullish/,passported,Bullish Europe GmbH,BaFin (Germany),2549008CBASK5Q680X12,LEI,Germany,a c d e j,2025-09-04,"ESMA interim MiCA register (CASPS), update of 24 Sep 2026",https://www.esma.europa.eu/sites/default/files/2024-12/CASPS.csv,2026-09-29,Licensed in Germany and notified to serve Ireland.
IE,Ireland,Bybit,https://exchangecatalogue.com/exchange/bybit/,passported,Bybit EU GmbH,FMA (Austria),5299005V5GBSN2A4C303,LEI,Austria,a c d f j,2025-05-28,"ESMA interim MiCA register (CASPS), update of 24 Sep 2026",https://www.esma.europa.eu/sites/default/files/2024-12/CASPS.csv,2026-09-29,Licensed in Austria and notified to serve Ireland.
IE,Ireland,CEX.IO,https://exchangecatalogue.com/exchange/cex-io/,not_on_register,,,,,,,,"ESMA interim MiCA register (CASPS), update of 24 Sep 2026",https://www.esma.europa.eu/sites/default/files/2024-12/CASPS.csv,2026-09-29,Not on the ESMA register of MiCA licensed firms.
IE,Ireland,Coinbase,https://exchangecatalogue.com/exchange/coinbase-exchange/,passported,Coinbase Luxembourg S.A.,CSSF (Luxembourg),984500F14CA4571AAC11,LEI,Luxembourg,a c d e f g j,2025-06-20,"ESMA interim MiCA register (CASPS), update of 24 Sep 2026",https://www.esma.europa.eu/sites/default/files/2024-12/CASPS.csv,2026-09-29,Licensed in Luxembourg and notified to serve Ireland.
IE,Ireland,Crypto.com,https://exchangecatalogue.com/exchange/crypto-com-exchange/,passported,Foris DAX MT Limited,MFSA (Malta),2549005CVR5HH70FDO07,LEI,Malta,a c d e g j,2025-01-27,"ESMA interim MiCA register (CASPS), update of 24 Sep 2026",https://www.esma.europa.eu/sites/default/files/2024-12/CASPS.csv,2026-09-29,Licensed in Malta and notified to serve Ireland.
IE,Ireland,Gate,https://exchangecatalogue.com/exchange/gate/,passported,Gate Technology Limited,MFSA (Malta),984500D6A0F945BB5A15,LEI,Malta,a b c d e j,2025-09-29,"ESMA interim MiCA register (CASPS), update of 24 Sep 2026",https://www.esma.europa.eu/sites/default/files/2024-12/CASPS.csv,2026-09-29,Licensed in Malta and notified to serve Ireland.
IE,Ireland,Gemini,https://exchangecatalogue.com/exchange/gemini/,restricted_by_exchange,Gemini Intergalactic EU Ltd,MFSA (Malta),2138002QAMX8PPKSO715,LEI,Malta,a c d e f g j,2025-08-21,"ESMA interim MiCA register (CASPS), update of 24 Sep 2026",https://www.esma.europa.eu/sites/default/files/2024-12/CASPS.csv,2026-09-29,"Holds a MiCA licence, but Gemini closed all accounts in the EEA on 6 Apr 2026."
IE,Ireland,HTX,https://exchangecatalogue.com/exchange/htx/,not_on_register,,,,,,,,"ESMA interim MiCA register (CASPS), update of 24 Sep 2026",https://www.esma.europa.eu/sites/default/files/2024-12/CASPS.csv,2026-09-29,Not on the ESMA register of MiCA licensed firms.
IE,Ireland,Kanga,https://exchangecatalogue.com/exchange/kanga/,not_passported,SIA AlphaRoute (kangaexchange.eu),Latvijas Banka (Latvia),259400JCJJ78A4ZCXP93,LEI,Latvia,a b c d f j,2026-06-18,"ESMA interim MiCA register (CASPS), update of 24 Sep 2026",https://www.esma.europa.eu/sites/default/files/2024-12/CASPS.csv,2026-09-29,"Licensed in Latvia, but Ireland is not in its list of host countries."
IE,Ireland,Kraken,https://exchangecatalogue.com/exchange/kraken/,licensed,Payward Europe Solutions Limited,Central Bank of Ireland,254900641D8KNHUZYX24,LEI,Ireland,a c d e f g i j,2025-06-25,"ESMA interim MiCA register (CASPS), update of 24 Sep 2026",https://www.esma.europa.eu/sites/default/files/2024-12/CASPS.csv,2026-09-29,
IE,Ireland,KuCoin,https://exchangecatalogue.com/exchange/kucoin/,passported,KuCoin EU Exchange GmbH,FMA (Austria),529900B4G0EGK7Z9KT45,LEI,Austria,a c d f j,2025-11-27,"ESMA interim MiCA register (CASPS), update of 24 Sep 2026",https://www.esma.europa.eu/sites/default/files/2024-12/CASPS.csv,2026-09-29,Licensed in Austria and notified to serve Ireland.
IE,Ireland,MEXC,https://exchangecatalogue.com/exchange/mexc/,not_on_register,,,,,,,,"ESMA interim MiCA register (CASPS), update of 24 Sep 2026",https://www.esma.europa.eu/sites/default/files/2024-12/CASPS.csv,2026-09-29,Not on the ESMA register of MiCA licensed firms.
IE,Ireland,OKX,https://exchangecatalogue.com/exchange/okx/,passported,OKX Europe Limited,MFSA (Malta),54930069NLWEIGLHXU42,LEI,Malta,a b c d e f g i j,2025-01-27,"ESMA interim MiCA register (CASPS), update of 24 Sep 2026",https://www.esma.europa.eu/sites/default/files/2024-12/CASPS.csv,2026-09-29,Licensed in Malta and notified to serve Ireland.
IE,Ireland,One Trading,https://exchangecatalogue.com/exchange/one-trading/,passported,One Trading Exchange B.V.,AFM (Netherlands),984500AA963ED2BA8460,LEI,Netherlands,a b,2025-05-15,"ESMA interim MiCA register (CASPS), update of 24 Sep 2026",https://www.esma.europa.eu/sites/default/files/2024-12/CASPS.csv,2026-09-29,Licensed in Netherlands and notified to serve Ireland.
IE,Ireland,Toobit,https://exchangecatalogue.com/exchange/toobit/,not_on_register,,,,,,,,"ESMA interim MiCA register (CASPS), update of 24 Sep 2026",https://www.esma.europa.eu/sites/default/files/2024-12/CASPS.csv,2026-09-29,Not on the ESMA register of MiCA licensed firms. Its terms name a Polish company as the EEA contracting party and cite no MiCA licence.
IE,Ireland,Tothemoon,https://exchangecatalogue.com/exchange/tothemoon/,passported,Brilliantscope Trading Limited,CySEC (Cyprus),9845009846V10FGD4840,LEI,Cyprus,a c d e f g j,2026-06-29,"ESMA interim MiCA register (CASPS), update of 24 Sep 2026",https://www.esma.europa.eu/sites/default/files/2024-12/CASPS.csv,2026-09-29,Licensed in Cyprus and notified to serve Ireland.
IE,Ireland,WhiteBIT,https://exchangecatalogue.com/exchange/whitebit/,passported,WB-Shields Innovations GmbH (WhiteBIT EU),FMA (Austria),254900ERDZ4CZ5IF7P56,LEI,Austria,a c d f j,2026-06-18,"ESMA interim MiCA register (CASPS), update of 24 Sep 2026",https://www.esma.europa.eu/sites/default/files/2024-12/CASPS.csv,2026-09-29,Licensed in Austria and notified to serve Ireland.
IE,Ireland,XT.COM,https://exchangecatalogue.com/exchange/xt-com/,not_on_register,,,,,,,,"ESMA interim MiCA register (CASPS), update of 24 Sep 2026",https://www.esma.europa.eu/sites/default/files/2024-12/CASPS.csv,2026-09-29,Not on the ESMA register of MiCA licensed firms.
IT,Italy,Backpack Exchange,https://exchangecatalogue.com/exchange/backpack-exchange/,passported,Trek Technologies SIA (Backpack EU),Latvijas Banka (Latvia),6488C2PNI17093U2YA18,LEI,Latvia,a c d e j,2026-05-27,"ESMA interim MiCA register (CASPS), update of 24 Sep 2026",https://www.esma.europa.eu/sites/default/files/2024-12/CASPS.csv,2026-09-29,Licensed in Latvia and notified to serve Italy.
IT,Italy,Binance,https://exchangecatalogue.com/exchange/binance/,not_on_register,,,,,,,,"ESMA interim MiCA register (CASPS), update of 24 Sep 2026",https://www.esma.europa.eu/sites/default/files/2024-12/CASPS.csv,2026-09-29,Not on the ESMA register of MiCA licensed firms. Binance does not hold a MiCA licence. It stopped new EU sign ups and restricted its services ahead of 1 July 2026.
IT,Italy,BingX,https://exchangecatalogue.com/exchange/bingx/,not_on_register,,,,,,,,"ESMA interim MiCA register (CASPS), update of 24 Sep 2026",https://www.esma.europa.eu/sites/default/files/2024-12/CASPS.csv,2026-09-29,Not on the ESMA register of MiCA licensed firms.
IT,Italy,Bitfinex,https://exchangecatalogue.com/exchange/bitfinex/,not_on_register,,,,,,,,"ESMA interim MiCA register (CASPS), update of 24 Sep 2026",https://www.esma.europa.eu/sites/default/files/2024-12/CASPS.csv,2026-09-29,Not on the ESMA register of MiCA licensed firms.
IT,Italy,bitFlyer,https://exchangecatalogue.com/exchange/bitflyer/,passported,bitFlyer EUROPE S.A.,CSSF (Luxembourg),984500D4465EFA89EF38,LEI,Luxembourg,a c d e j,2026-06-26,"ESMA interim MiCA register (CASPS), update of 24 Sep 2026",https://www.esma.europa.eu/sites/default/files/2024-12/CASPS.csv,2026-09-29,Licensed in Luxembourg and notified to serve Italy.
IT,Italy,Bitget,https://exchangecatalogue.com/exchange/bitget/,not_on_register,,,,,,,,"ESMA interim MiCA register (CASPS), update of 24 Sep 2026",https://www.esma.europa.eu/sites/default/files/2024-12/CASPS.csv,2026-09-29,Not on the ESMA register of MiCA licensed firms. Its application to the Austrian FMA was still pending on the date checked.
IT,Italy,BitMart,https://exchangecatalogue.com/exchange/bitmart/,not_on_register,,,,,,,,"ESMA interim MiCA register (CASPS), update of 24 Sep 2026",https://www.esma.europa.eu/sites/default/files/2024-12/CASPS.csv,2026-09-29,Not on the ESMA register of MiCA licensed firms.
IT,Italy,Bitstamp,https://exchangecatalogue.com/exchange/bitstamp/,passported,Bitstamp Europe S.A.,CSSF (Luxembourg),549300XIBGTJ0PLIEO72,LEI,Luxembourg,a b c d e g j,2025-05-15,"ESMA interim MiCA register (CASPS), update of 24 Sep 2026",https://www.esma.europa.eu/sites/default/files/2024-12/CASPS.csv,2026-09-29,Licensed in Luxembourg and notified to serve Italy.
IT,Italy,Bitvavo,https://exchangecatalogue.com/exchange/bitvavo/,passported,Bitvavo B.V.,AFM (Netherlands),724500MX2WBKDJP9HE56,LEI,Netherlands,a b j,2025-06-26,"ESMA interim MiCA register (CASPS), update of 24 Sep 2026",https://www.esma.europa.eu/sites/default/files/2024-12/CASPS.csv,2026-09-29,Licensed in Netherlands and notified to serve Italy.
IT,Italy,Bullish,https://exchangecatalogue.com/exchange/bullish/,passported,Bullish Europe GmbH,BaFin (Germany),2549008CBASK5Q680X12,LEI,Germany,a c d e j,2025-09-04,"ESMA interim MiCA register (CASPS), update of 24 Sep 2026",https://www.esma.europa.eu/sites/default/files/2024-12/CASPS.csv,2026-09-29,Licensed in Germany and notified to serve Italy.
IT,Italy,Bybit,https://exchangecatalogue.com/exchange/bybit/,passported,Bybit EU GmbH,FMA (Austria),5299005V5GBSN2A4C303,LEI,Austria,a c d f j,2025-05-28,"ESMA interim MiCA register (CASPS), update of 24 Sep 2026",https://www.esma.europa.eu/sites/default/files/2024-12/CASPS.csv,2026-09-29,Licensed in Austria and notified to serve Italy.
IT,Italy,CEX.IO,https://exchangecatalogue.com/exchange/cex-io/,not_on_register,,,,,,,,"ESMA interim MiCA register (CASPS), update of 24 Sep 2026",https://www.esma.europa.eu/sites/default/files/2024-12/CASPS.csv,2026-09-29,Not on the ESMA register of MiCA licensed firms.
IT,Italy,Coinbase,https://exchangecatalogue.com/exchange/coinbase-exchange/,passported,Coinbase Luxembourg S.A.,CSSF (Luxembourg),984500F14CA4571AAC11,LEI,Luxembourg,a c d e f g j,2025-06-20,"ESMA interim MiCA register (CASPS), update of 24 Sep 2026",https://www.esma.europa.eu/sites/default/files/2024-12/CASPS.csv,2026-09-29,Licensed in Luxembourg and notified to serve Italy.
IT,Italy,Crypto.com,https://exchangecatalogue.com/exchange/crypto-com-exchange/,passported,Foris DAX MT Limited,MFSA (Malta),2549005CVR5HH70FDO07,LEI,Malta,a c d e g j,2025-01-27,"ESMA interim MiCA register (CASPS), update of 24 Sep 2026",https://www.esma.europa.eu/sites/default/files/2024-12/CASPS.csv,2026-09-29,Licensed in Malta and notified to serve Italy.
IT,Italy,Gate,https://exchangecatalogue.com/exchange/gate/,passported,Gate Technology Limited,MFSA (Malta),984500D6A0F945BB5A15,LEI,Malta,a b c d e j,2025-09-29,"ESMA interim MiCA register (CASPS), update of 24 Sep 2026",https://www.esma.europa.eu/sites/default/files/2024-12/CASPS.csv,2026-09-29,Licensed in Malta and notified to serve Italy.
IT,Italy,Gemini,https://exchangecatalogue.com/exchange/gemini/,restricted_by_exchange,Gemini Intergalactic EU Ltd,MFSA (Malta),2138002QAMX8PPKSO715,LEI,Malta,a c d e f g j,2025-08-21,"ESMA interim MiCA register (CASPS), update of 24 Sep 2026",https://www.esma.europa.eu/sites/default/files/2024-12/CASPS.csv,2026-09-29,"Holds a MiCA licence, but Gemini closed all accounts in the EEA on 6 Apr 2026."
IT,Italy,HTX,https://exchangecatalogue.com/exchange/htx/,not_on_register,,,,,,,,"ESMA interim MiCA register (CASPS), update of 24 Sep 2026",https://www.esma.europa.eu/sites/default/files/2024-12/CASPS.csv,2026-09-29,Not on the ESMA register of MiCA licensed firms.
IT,Italy,Kanga,https://exchangecatalogue.com/exchange/kanga/,not_passported,SIA AlphaRoute (kangaexchange.eu),Latvijas Banka (Latvia),259400JCJJ78A4ZCXP93,LEI,Latvia,a b c d f j,2026-06-18,"ESMA interim MiCA register (CASPS), update of 24 Sep 2026",https://www.esma.europa.eu/sites/default/files/2024-12/CASPS.csv,2026-09-29,"Licensed in Latvia, but Italy is not in its list of host countries."
IT,Italy,Kraken,https://exchangecatalogue.com/exchange/kraken/,passported,Payward Europe Solutions Limited,Central Bank of Ireland,254900641D8KNHUZYX24,LEI,Ireland,a c d e f g i j,2025-06-25,"ESMA interim MiCA register (CASPS), update of 24 Sep 2026",https://www.esma.europa.eu/sites/default/files/2024-12/CASPS.csv,2026-09-29,Licensed in Ireland and notified to serve Italy.
IT,Italy,KuCoin,https://exchangecatalogue.com/exchange/kucoin/,passported,KuCoin EU Exchange GmbH,FMA (Austria),529900B4G0EGK7Z9KT45,LEI,Austria,a c d f j,2025-11-27,"ESMA interim MiCA register (CASPS), update of 24 Sep 2026",https://www.esma.europa.eu/sites/default/files/2024-12/CASPS.csv,2026-09-29,Licensed in Austria and notified to serve Italy.
IT,Italy,MEXC,https://exchangecatalogue.com/exchange/mexc/,not_on_register,,,,,,,,"ESMA interim MiCA register (CASPS), update of 24 Sep 2026",https://www.esma.europa.eu/sites/default/files/2024-12/CASPS.csv,2026-09-29,Not on the ESMA register of MiCA licensed firms.
IT,Italy,OKX,https://exchangecatalogue.com/exchange/okx/,passported,OKX Europe Limited,MFSA (Malta),54930069NLWEIGLHXU42,LEI,Malta,a b c d e f g i j,2025-01-27,"ESMA interim MiCA register (CASPS), update of 24 Sep 2026",https://www.esma.europa.eu/sites/default/files/2024-12/CASPS.csv,2026-09-29,Licensed in Malta and notified to serve Italy.
IT,Italy,One Trading,https://exchangecatalogue.com/exchange/one-trading/,passported,One Trading Exchange B.V.,AFM (Netherlands),984500AA963ED2BA8460,LEI,Netherlands,a b,2025-05-15,"ESMA interim MiCA register (CASPS), update of 24 Sep 2026",https://www.esma.europa.eu/sites/default/files/2024-12/CASPS.csv,2026-09-29,Licensed in Netherlands and notified to serve Italy.
IT,Italy,Toobit,https://exchangecatalogue.com/exchange/toobit/,not_on_register,,,,,,,,"ESMA interim MiCA register (CASPS), update of 24 Sep 2026",https://www.esma.europa.eu/sites/default/files/2024-12/CASPS.csv,2026-09-29,Not on the ESMA register of MiCA licensed firms. Its terms name a Polish company as the EEA contracting party and cite no MiCA licence.
IT,Italy,Tothemoon,https://exchangecatalogue.com/exchange/tothemoon/,passported,Brilliantscope Trading Limited,CySEC (Cyprus),9845009846V10FGD4840,LEI,Cyprus,a c d e f g j,2026-06-29,"ESMA interim MiCA register (CASPS), update of 24 Sep 2026",https://www.esma.europa.eu/sites/default/files/2024-12/CASPS.csv,2026-09-29,Licensed in Cyprus and notified to serve Italy.
IT,Italy,WhiteBIT,https://exchangecatalogue.com/exchange/whitebit/,passported,WB-Shields Innovations GmbH (WhiteBIT EU),FMA (Austria),254900ERDZ4CZ5IF7P56,LEI,Austria,a c d f j,2026-06-18,"ESMA interim MiCA register (CASPS), update of 24 Sep 2026",https://www.esma.europa.eu/sites/default/files/2024-12/CASPS.csv,2026-09-29,Licensed in Austria and notified to serve Italy.
IT,Italy,XT.COM,https://exchangecatalogue.com/exchange/xt-com/,not_on_register,,,,,,,,"ESMA interim MiCA register (CASPS), update of 24 Sep 2026",https://www.esma.europa.eu/sites/default/files/2024-12/CASPS.csv,2026-09-29,Not on the ESMA register of MiCA licensed firms.
LV,Latvia,Backpack Exchange,https://exchangecatalogue.com/exchange/backpack-exchange/,licensed,Trek Technologies SIA (Backpack EU),Latvijas Banka (Latvia),6488C2PNI17093U2YA18,LEI,Latvia,a c d e j,2026-05-27,"ESMA interim MiCA register (CASPS), update of 24 Sep 2026",https://www.esma.europa.eu/sites/default/files/2024-12/CASPS.csv,2026-09-29,
LV,Latvia,Binance,https://exchangecatalogue.com/exchange/binance/,not_on_register,,,,,,,,"ESMA interim MiCA register (CASPS), update of 24 Sep 2026",https://www.esma.europa.eu/sites/default/files/2024-12/CASPS.csv,2026-09-29,Not on the ESMA register of MiCA licensed firms. Binance does not hold a MiCA licence. It stopped new EU sign ups and restricted its services ahead of 1 July 2026.
LV,Latvia,BingX,https://exchangecatalogue.com/exchange/bingx/,not_on_register,,,,,,,,"ESMA interim MiCA register (CASPS), update of 24 Sep 2026",https://www.esma.europa.eu/sites/default/files/2024-12/CASPS.csv,2026-09-29,Not on the ESMA register of MiCA licensed firms.
LV,Latvia,Bitfinex,https://exchangecatalogue.com/exchange/bitfinex/,not_on_register,,,,,,,,"ESMA interim MiCA register (CASPS), update of 24 Sep 2026",https://www.esma.europa.eu/sites/default/files/2024-12/CASPS.csv,2026-09-29,Not on the ESMA register of MiCA licensed firms.
LV,Latvia,bitFlyer,https://exchangecatalogue.com/exchange/bitflyer/,passported,bitFlyer EUROPE S.A.,CSSF (Luxembourg),984500D4465EFA89EF38,LEI,Luxembourg,a c d e j,2026-06-26,"ESMA interim MiCA register (CASPS), update of 24 Sep 2026",https://www.esma.europa.eu/sites/default/files/2024-12/CASPS.csv,2026-09-29,Licensed in Luxembourg and notified to serve Latvia.
LV,Latvia,Bitget,https://exchangecatalogue.com/exchange/bitget/,not_on_register,,,,,,,,"ESMA interim MiCA register (CASPS), update of 24 Sep 2026",https://www.esma.europa.eu/sites/default/files/2024-12/CASPS.csv,2026-09-29,Not on the ESMA register of MiCA licensed firms. Its application to the Austrian FMA was still pending on the date checked.
LV,Latvia,BitMart,https://exchangecatalogue.com/exchange/bitmart/,not_on_register,,,,,,,,"ESMA interim MiCA register (CASPS), update of 24 Sep 2026",https://www.esma.europa.eu/sites/default/files/2024-12/CASPS.csv,2026-09-29,Not on the ESMA register of MiCA licensed firms.
LV,Latvia,Bitstamp,https://exchangecatalogue.com/exchange/bitstamp/,passported,Bitstamp Europe S.A.,CSSF (Luxembourg),549300XIBGTJ0PLIEO72,LEI,Luxembourg,a b c d e g j,2025-05-15,"ESMA interim MiCA register (CASPS), update of 24 Sep 2026",https://www.esma.europa.eu/sites/default/files/2024-12/CASPS.csv,2026-09-29,Licensed in Luxembourg and notified to serve Latvia.
LV,Latvia,Bitvavo,https://exchangecatalogue.com/exchange/bitvavo/,passported,Bitvavo B.V.,AFM (Netherlands),724500MX2WBKDJP9HE56,LEI,Netherlands,a b j,2025-06-26,"ESMA interim MiCA register (CASPS), update of 24 Sep 2026",https://www.esma.europa.eu/sites/default/files/2024-12/CASPS.csv,2026-09-29,Licensed in Netherlands and notified to serve Latvia.
LV,Latvia,Bullish,https://exchangecatalogue.com/exchange/bullish/,passported,Bullish Europe GmbH,BaFin (Germany),2549008CBASK5Q680X12,LEI,Germany,a c d e j,2025-09-04,"ESMA interim MiCA register (CASPS), update of 24 Sep 2026",https://www.esma.europa.eu/sites/default/files/2024-12/CASPS.csv,2026-09-29,Licensed in Germany and notified to serve Latvia.
LV,Latvia,Bybit,https://exchangecatalogue.com/exchange/bybit/,passported,Bybit EU GmbH,FMA (Austria),5299005V5GBSN2A4C303,LEI,Austria,a c d f j,2025-05-28,"ESMA interim MiCA register (CASPS), update of 24 Sep 2026",https://www.esma.europa.eu/sites/default/files/2024-12/CASPS.csv,2026-09-29,Licensed in Austria and notified to serve Latvia.
LV,Latvia,CEX.IO,https://exchangecatalogue.com/exchange/cex-io/,not_on_register,,,,,,,,"ESMA interim MiCA register (CASPS), update of 24 Sep 2026",https://www.esma.europa.eu/sites/default/files/2024-12/CASPS.csv,2026-09-29,Not on the ESMA register of MiCA licensed firms.
LV,Latvia,Coinbase,https://exchangecatalogue.com/exchange/coinbase-exchange/,passported,Coinbase Luxembourg S.A.,CSSF (Luxembourg),984500F14CA4571AAC11,LEI,Luxembourg,a c d e f g j,2025-06-20,"ESMA interim MiCA register (CASPS), update of 24 Sep 2026",https://www.esma.europa.eu/sites/default/files/2024-12/CASPS.csv,2026-09-29,Licensed in Luxembourg and notified to serve Latvia.
LV,Latvia,Crypto.com,https://exchangecatalogue.com/exchange/crypto-com-exchange/,passported,Foris DAX MT Limited,MFSA (Malta),2549005CVR5HH70FDO07,LEI,Malta,a c d e g j,2025-01-27,"ESMA interim MiCA register (CASPS), update of 24 Sep 2026",https://www.esma.europa.eu/sites/default/files/2024-12/CASPS.csv,2026-09-29,Licensed in Malta and notified to serve Latvia.
LV,Latvia,Gate,https://exchangecatalogue.com/exchange/gate/,passported,Gate Technology Limited,MFSA (Malta),984500D6A0F945BB5A15,LEI,Malta,a b c d e j,2025-09-29,"ESMA interim MiCA register (CASPS), update of 24 Sep 2026",https://www.esma.europa.eu/sites/default/files/2024-12/CASPS.csv,2026-09-29,Licensed in Malta and notified to serve Latvia.
LV,Latvia,Gemini,https://exchangecatalogue.com/exchange/gemini/,restricted_by_exchange,Gemini Intergalactic EU Ltd,MFSA (Malta),2138002QAMX8PPKSO715,LEI,Malta,a c d e f g j,2025-08-21,"ESMA interim MiCA register (CASPS), update of 24 Sep 2026",https://www.esma.europa.eu/sites/default/files/2024-12/CASPS.csv,2026-09-29,"Holds a MiCA licence, but Gemini closed all accounts in the EEA on 6 Apr 2026."
LV,Latvia,HTX,https://exchangecatalogue.com/exchange/htx/,not_on_register,,,,,,,,"ESMA interim MiCA register (CASPS), update of 24 Sep 2026",https://www.esma.europa.eu/sites/default/files/2024-12/CASPS.csv,2026-09-29,Not on the ESMA register of MiCA licensed firms.
LV,Latvia,Kanga,https://exchangecatalogue.com/exchange/kanga/,licensed,SIA AlphaRoute (kangaexchange.eu),Latvijas Banka (Latvia),259400JCJJ78A4ZCXP93,LEI,Latvia,a b c d f j,2026-06-18,"ESMA interim MiCA register (CASPS), update of 24 Sep 2026",https://www.esma.europa.eu/sites/default/files/2024-12/CASPS.csv,2026-09-29,
LV,Latvia,Kraken,https://exchangecatalogue.com/exchange/kraken/,passported,Payward Europe Solutions Limited,Central Bank of Ireland,254900641D8KNHUZYX24,LEI,Ireland,a c d e f g i j,2025-06-25,"ESMA interim MiCA register (CASPS), update of 24 Sep 2026",https://www.esma.europa.eu/sites/default/files/2024-12/CASPS.csv,2026-09-29,Licensed in Ireland and notified to serve Latvia.
LV,Latvia,KuCoin,https://exchangecatalogue.com/exchange/kucoin/,passported,KuCoin EU Exchange GmbH,FMA (Austria),529900B4G0EGK7Z9KT45,LEI,Austria,a c d f j,2025-11-27,"ESMA interim MiCA register (CASPS), update of 24 Sep 2026",https://www.esma.europa.eu/sites/default/files/2024-12/CASPS.csv,2026-09-29,Licensed in Austria and notified to serve Latvia.
LV,Latvia,MEXC,https://exchangecatalogue.com/exchange/mexc/,not_on_register,,,,,,,,"ESMA interim MiCA register (CASPS), update of 24 Sep 2026",https://www.esma.europa.eu/sites/default/files/2024-12/CASPS.csv,2026-09-29,Not on the ESMA register of MiCA licensed firms.
LV,Latvia,OKX,https://exchangecatalogue.com/exchange/okx/,passported,OKX Europe Limited,MFSA (Malta),54930069NLWEIGLHXU42,LEI,Malta,a b c d e f g i j,2025-01-27,"ESMA interim MiCA register (CASPS), update of 24 Sep 2026",https://www.esma.europa.eu/sites/default/files/2024-12/CASPS.csv,2026-09-29,Licensed in Malta and notified to serve Latvia.
LV,Latvia,One Trading,https://exchangecatalogue.com/exchange/one-trading/,passported,One Trading Exchange B.V.,AFM (Netherlands),984500AA963ED2BA8460,LEI,Netherlands,a b,2025-05-15,"ESMA interim MiCA register (CASPS), update of 24 Sep 2026",https://www.esma.europa.eu/sites/default/files/2024-12/CASPS.csv,2026-09-29,Licensed in Netherlands and notified to serve Latvia.
LV,Latvia,Toobit,https://exchangecatalogue.com/exchange/toobit/,not_on_register,,,,,,,,"ESMA interim MiCA register (CASPS), update of 24 Sep 2026",https://www.esma.europa.eu/sites/default/files/2024-12/CASPS.csv,2026-09-29,Not on the ESMA register of MiCA licensed firms. Its terms name a Polish company as the EEA contracting party and cite no MiCA licence.
LV,Latvia,Tothemoon,https://exchangecatalogue.com/exchange/tothemoon/,passported,Brilliantscope Trading Limited,CySEC (Cyprus),9845009846V10FGD4840,LEI,Cyprus,a c d e f g j,2026-06-29,"ESMA interim MiCA register (CASPS), update of 24 Sep 2026",https://www.esma.europa.eu/sites/default/files/2024-12/CASPS.csv,2026-09-29,Licensed in Cyprus and notified to serve Latvia.
LV,Latvia,WhiteBIT,https://exchangecatalogue.com/exchange/whitebit/,passported,WB-Shields Innovations GmbH (WhiteBIT EU),FMA (Austria),254900ERDZ4CZ5IF7P56,LEI,Austria,a c d f j,2026-06-18,"ESMA interim MiCA register (CASPS), update of 24 Sep 2026",https://www.esma.europa.eu/sites/default/files/2024-12/CASPS.csv,2026-09-29,Licensed in Austria and notified to serve Latvia.
LV,Latvia,XT.COM,https://exchangecatalogue.com/exchange/xt-com/,not_on_register,,,,,,,,"ESMA interim MiCA register (CASPS), update of 24 Sep 2026",https://www.esma.europa.eu/sites/default/files/2024-12/CASPS.csv,2026-09-29,Not on the ESMA register of MiCA licensed firms.
LI,Liechtenstein,Backpack Exchange,https://exchangecatalogue.com/exchange/backpack-exchange/,passported,Trek Technologies SIA (Backpack EU),Latvijas Banka (Latvia),6488C2PNI17093U2YA18,LEI,Latvia,a c d e j,2026-05-27,"ESMA interim MiCA register (CASPS), update of 24 Sep 2026",https://www.esma.europa.eu/sites/default/files/2024-12/CASPS.csv,2026-09-29,Licensed in Latvia and notified to serve Liechtenstein.
LI,Liechtenstein,Binance,https://exchangecatalogue.com/exchange/binance/,not_on_register,,,,,,,,"ESMA interim MiCA register (CASPS), update of 24 Sep 2026",https://www.esma.europa.eu/sites/default/files/2024-12/CASPS.csv,2026-09-29,Not on the ESMA register of MiCA licensed firms. Binance does not hold a MiCA licence. It stopped new EU sign ups and restricted its services ahead of 1 July 2026.
LI,Liechtenstein,BingX,https://exchangecatalogue.com/exchange/bingx/,not_on_register,,,,,,,,"ESMA interim MiCA register (CASPS), update of 24 Sep 2026",https://www.esma.europa.eu/sites/default/files/2024-12/CASPS.csv,2026-09-29,Not on the ESMA register of MiCA licensed firms.
LI,Liechtenstein,Bitfinex,https://exchangecatalogue.com/exchange/bitfinex/,not_on_register,,,,,,,,"ESMA interim MiCA register (CASPS), update of 24 Sep 2026",https://www.esma.europa.eu/sites/default/files/2024-12/CASPS.csv,2026-09-29,Not on the ESMA register of MiCA licensed firms.
LI,Liechtenstein,bitFlyer,https://exchangecatalogue.com/exchange/bitflyer/,passported,bitFlyer EUROPE S.A.,CSSF (Luxembourg),984500D4465EFA89EF38,LEI,Luxembourg,a c d e j,2026-06-26,"ESMA interim MiCA register (CASPS), update of 24 Sep 2026",https://www.esma.europa.eu/sites/default/files/2024-12/CASPS.csv,2026-09-29,Licensed in Luxembourg and notified to serve Liechtenstein.
LI,Liechtenstein,Bitget,https://exchangecatalogue.com/exchange/bitget/,not_on_register,,,,,,,,"ESMA interim MiCA register (CASPS), update of 24 Sep 2026",https://www.esma.europa.eu/sites/default/files/2024-12/CASPS.csv,2026-09-29,Not on the ESMA register of MiCA licensed firms. Its application to the Austrian FMA was still pending on the date checked.
LI,Liechtenstein,BitMart,https://exchangecatalogue.com/exchange/bitmart/,not_on_register,,,,,,,,"ESMA interim MiCA register (CASPS), update of 24 Sep 2026",https://www.esma.europa.eu/sites/default/files/2024-12/CASPS.csv,2026-09-29,Not on the ESMA register of MiCA licensed firms.
LI,Liechtenstein,Bitstamp,https://exchangecatalogue.com/exchange/bitstamp/,passported,Bitstamp Europe S.A.,CSSF (Luxembourg),549300XIBGTJ0PLIEO72,LEI,Luxembourg,a b c d e g j,2025-05-15,"ESMA interim MiCA register (CASPS), update of 24 Sep 2026",https://www.esma.europa.eu/sites/default/files/2024-12/CASPS.csv,2026-09-29,Licensed in Luxembourg and notified to serve Liechtenstein.
LI,Liechtenstein,Bitvavo,https://exchangecatalogue.com/exchange/bitvavo/,passported,Bitvavo B.V.,AFM (Netherlands),724500MX2WBKDJP9HE56,LEI,Netherlands,a b j,2025-06-26,"ESMA interim MiCA register (CASPS), update of 24 Sep 2026",https://www.esma.europa.eu/sites/default/files/2024-12/CASPS.csv,2026-09-29,Licensed in Netherlands and notified to serve Liechtenstein.
LI,Liechtenstein,Bullish,https://exchangecatalogue.com/exchange/bullish/,passported,Bullish Europe GmbH,BaFin (Germany),2549008CBASK5Q680X12,LEI,Germany,a c d e j,2025-09-04,"ESMA interim MiCA register (CASPS), update of 24 Sep 2026",https://www.esma.europa.eu/sites/default/files/2024-12/CASPS.csv,2026-09-29,Licensed in Germany and notified to serve Liechtenstein.
LI,Liechtenstein,Bybit,https://exchangecatalogue.com/exchange/bybit/,passported,Bybit EU GmbH,FMA (Austria),5299005V5GBSN2A4C303,LEI,Austria,a c d f j,2025-05-28,"ESMA interim MiCA register (CASPS), update of 24 Sep 2026",https://www.esma.europa.eu/sites/default/files/2024-12/CASPS.csv,2026-09-29,Licensed in Austria and notified to serve Liechtenstein.
LI,Liechtenstein,CEX.IO,https://exchangecatalogue.com/exchange/cex-io/,not_on_register,,,,,,,,"ESMA interim MiCA register (CASPS), update of 24 Sep 2026",https://www.esma.europa.eu/sites/default/files/2024-12/CASPS.csv,2026-09-29,Not on the ESMA register of MiCA licensed firms.
LI,Liechtenstein,Coinbase,https://exchangecatalogue.com/exchange/coinbase-exchange/,passported,Coinbase Luxembourg S.A.,CSSF (Luxembourg),984500F14CA4571AAC11,LEI,Luxembourg,a c d e f g j,2025-06-20,"ESMA interim MiCA register (CASPS), update of 24 Sep 2026",https://www.esma.europa.eu/sites/default/files/2024-12/CASPS.csv,2026-09-29,Licensed in Luxembourg and notified to serve Liechtenstein.
LI,Liechtenstein,Crypto.com,https://exchangecatalogue.com/exchange/crypto-com-exchange/,passported,Foris DAX MT Limited,MFSA (Malta),2549005CVR5HH70FDO07,LEI,Malta,a c d e g j,2025-01-27,"ESMA interim MiCA register (CASPS), update of 24 Sep 2026",https://www.esma.europa.eu/sites/default/files/2024-12/CASPS.csv,2026-09-29,Licensed in Malta and notified to serve Liechtenstein.
LI,Liechtenstein,Gate,https://exchangecatalogue.com/exchange/gate/,passported,Gate Technology Limited,MFSA (Malta),984500D6A0F945BB5A15,LEI,Malta,a b c d e j,2025-09-29,"ESMA interim MiCA register (CASPS), update of 24 Sep 2026",https://www.esma.europa.eu/sites/default/files/2024-12/CASPS.csv,2026-09-29,Licensed in Malta and notified to serve Liechtenstein.
LI,Liechtenstein,Gemini,https://exchangecatalogue.com/exchange/gemini/,restricted_by_exchange,Gemini Intergalactic EU Ltd,MFSA (Malta),2138002QAMX8PPKSO715,LEI,Malta,a c d e f g j,2025-08-21,"ESMA interim MiCA register (CASPS), update of 24 Sep 2026",https://www.esma.europa.eu/sites/default/files/2024-12/CASPS.csv,2026-09-29,"Holds a MiCA licence, but Gemini closed all accounts in the EEA on 6 Apr 2026."
LI,Liechtenstein,HTX,https://exchangecatalogue.com/exchange/htx/,not_on_register,,,,,,,,"ESMA interim MiCA register (CASPS), update of 24 Sep 2026",https://www.esma.europa.eu/sites/default/files/2024-12/CASPS.csv,2026-09-29,Not on the ESMA register of MiCA licensed firms.
LI,Liechtenstein,Kanga,https://exchangecatalogue.com/exchange/kanga/,not_passported,SIA AlphaRoute (kangaexchange.eu),Latvijas Banka (Latvia),259400JCJJ78A4ZCXP93,LEI,Latvia,a b c d f j,2026-06-18,"ESMA interim MiCA register (CASPS), update of 24 Sep 2026",https://www.esma.europa.eu/sites/default/files/2024-12/CASPS.csv,2026-09-29,"Licensed in Latvia, but Liechtenstein is not in its list of host countries."
LI,Liechtenstein,Kraken,https://exchangecatalogue.com/exchange/kraken/,passported,Payward Europe Solutions Limited,Central Bank of Ireland,254900641D8KNHUZYX24,LEI,Ireland,a c d e f g i j,2025-06-25,"ESMA interim MiCA register (CASPS), update of 24 Sep 2026",https://www.esma.europa.eu/sites/default/files/2024-12/CASPS.csv,2026-09-29,Licensed in Ireland and notified to serve Liechtenstein.
LI,Liechtenstein,KuCoin,https://exchangecatalogue.com/exchange/kucoin/,passported,KuCoin EU Exchange GmbH,FMA (Austria),529900B4G0EGK7Z9KT45,LEI,Austria,a c d f j,2025-11-27,"ESMA interim MiCA register (CASPS), update of 24 Sep 2026",https://www.esma.europa.eu/sites/default/files/2024-12/CASPS.csv,2026-09-29,Licensed in Austria and notified to serve Liechtenstein.
LI,Liechtenstein,MEXC,https://exchangecatalogue.com/exchange/mexc/,not_on_register,,,,,,,,"ESMA interim MiCA register (CASPS), update of 24 Sep 2026",https://www.esma.europa.eu/sites/default/files/2024-12/CASPS.csv,2026-09-29,Not on the ESMA register of MiCA licensed firms.
LI,Liechtenstein,OKX,https://exchangecatalogue.com/exchange/okx/,passported,OKX Europe Limited,MFSA (Malta),54930069NLWEIGLHXU42,LEI,Malta,a b c d e f g i j,2025-01-27,"ESMA interim MiCA register (CASPS), update of 24 Sep 2026",https://www.esma.europa.eu/sites/default/files/2024-12/CASPS.csv,2026-09-29,Licensed in Malta and notified to serve Liechtenstein.
LI,Liechtenstein,One Trading,https://exchangecatalogue.com/exchange/one-trading/,passported,One Trading Exchange B.V.,AFM (Netherlands),984500AA963ED2BA8460,LEI,Netherlands,a b,2025-05-15,"ESMA interim MiCA register (CASPS), update of 24 Sep 2026",https://www.esma.europa.eu/sites/default/files/2024-12/CASPS.csv,2026-09-29,Licensed in Netherlands and notified to serve Liechtenstein.
LI,Liechtenstein,Toobit,https://exchangecatalogue.com/exchange/toobit/,not_on_register,,,,,,,,"ESMA interim MiCA register (CASPS), update of 24 Sep 2026",https://www.esma.europa.eu/sites/default/files/2024-12/CASPS.csv,2026-09-29,Not on the ESMA register of MiCA licensed firms. Its terms name a Polish company as the EEA contracting party and cite no MiCA licence.
LI,Liechtenstein,Tothemoon,https://exchangecatalogue.com/exchange/tothemoon/,passported,Brilliantscope Trading Limited,CySEC (Cyprus),9845009846V10FGD4840,LEI,Cyprus,a c d e f g j,2026-06-29,"ESMA interim MiCA register (CASPS), update of 24 Sep 2026",https://www.esma.europa.eu/sites/default/files/2024-12/CASPS.csv,2026-09-29,Licensed in Cyprus and notified to serve Liechtenstein.
LI,Liechtenstein,WhiteBIT,https://exchangecatalogue.com/exchange/whitebit/,passported,WB-Shields Innovations GmbH (WhiteBIT EU),FMA (Austria),254900ERDZ4CZ5IF7P56,LEI,Austria,a c d f j,2026-06-18,"ESMA interim MiCA register (CASPS), update of 24 Sep 2026",https://www.esma.europa.eu/sites/default/files/2024-12/CASPS.csv,2026-09-29,Licensed in Austria and notified to serve Liechtenstein.
LI,Liechtenstein,XT.COM,https://exchangecatalogue.com/exchange/xt-com/,not_on_register,,,,,,,,"ESMA interim MiCA register (CASPS), update of 24 Sep 2026",https://www.esma.europa.eu/sites/default/files/2024-12/CASPS.csv,2026-09-29,Not on the ESMA register of MiCA licensed firms.
LT,Lithuania,Backpack Exchange,https://exchangecatalogue.com/exchange/backpack-exchange/,passported,Trek Technologies SIA (Backpack EU),Latvijas Banka (Latvia),6488C2PNI17093U2YA18,LEI,Latvia,a c d e j,2026-05-27,"ESMA interim MiCA register (CASPS), update of 24 Sep 2026",https://www.esma.europa.eu/sites/default/files/2024-12/CASPS.csv,2026-09-29,Licensed in Latvia and notified to serve Lithuania.
LT,Lithuania,Binance,https://exchangecatalogue.com/exchange/binance/,not_on_register,,,,,,,,"ESMA interim MiCA register (CASPS), update of 24 Sep 2026",https://www.esma.europa.eu/sites/default/files/2024-12/CASPS.csv,2026-09-29,Not on the ESMA register of MiCA licensed firms. Binance does not hold a MiCA licence. It stopped new EU sign ups and restricted its services ahead of 1 July 2026.
LT,Lithuania,BingX,https://exchangecatalogue.com/exchange/bingx/,not_on_register,,,,,,,,"ESMA interim MiCA register (CASPS), update of 24 Sep 2026",https://www.esma.europa.eu/sites/default/files/2024-12/CASPS.csv,2026-09-29,Not on the ESMA register of MiCA licensed firms.
LT,Lithuania,Bitfinex,https://exchangecatalogue.com/exchange/bitfinex/,not_on_register,,,,,,,,"ESMA interim MiCA register (CASPS), update of 24 Sep 2026",https://www.esma.europa.eu/sites/default/files/2024-12/CASPS.csv,2026-09-29,Not on the ESMA register of MiCA licensed firms.
LT,Lithuania,bitFlyer,https://exchangecatalogue.com/exchange/bitflyer/,passported,bitFlyer EUROPE S.A.,CSSF (Luxembourg),984500D4465EFA89EF38,LEI,Luxembourg,a c d e j,2026-06-26,"ESMA interim MiCA register (CASPS), update of 24 Sep 2026",https://www.esma.europa.eu/sites/default/files/2024-12/CASPS.csv,2026-09-29,Licensed in Luxembourg and notified to serve Lithuania.
LT,Lithuania,Bitget,https://exchangecatalogue.com/exchange/bitget/,not_on_register,,,,,,,,"ESMA interim MiCA register (CASPS), update of 24 Sep 2026",https://www.esma.europa.eu/sites/default/files/2024-12/CASPS.csv,2026-09-29,Not on the ESMA register of MiCA licensed firms. Its application to the Austrian FMA was still pending on the date checked.
LT,Lithuania,BitMart,https://exchangecatalogue.com/exchange/bitmart/,not_on_register,,,,,,,,"ESMA interim MiCA register (CASPS), update of 24 Sep 2026",https://www.esma.europa.eu/sites/default/files/2024-12/CASPS.csv,2026-09-29,Not on the ESMA register of MiCA licensed firms.
LT,Lithuania,Bitstamp,https://exchangecatalogue.com/exchange/bitstamp/,passported,Bitstamp Europe S.A.,CSSF (Luxembourg),549300XIBGTJ0PLIEO72,LEI,Luxembourg,a b c d e g j,2025-05-15,"ESMA interim MiCA register (CASPS), update of 24 Sep 2026",https://www.esma.europa.eu/sites/default/files/2024-12/CASPS.csv,2026-09-29,Licensed in Luxembourg and notified to serve Lithuania.
LT,Lithuania,Bitvavo,https://exchangecatalogue.com/exchange/bitvavo/,passported,Bitvavo B.V.,AFM (Netherlands),724500MX2WBKDJP9HE56,LEI,Netherlands,a b j,2025-06-26,"ESMA interim MiCA register (CASPS), update of 24 Sep 2026",https://www.esma.europa.eu/sites/default/files/2024-12/CASPS.csv,2026-09-29,Licensed in Netherlands and notified to serve Lithuania.
LT,Lithuania,Bullish,https://exchangecatalogue.com/exchange/bullish/,passported,Bullish Europe GmbH,BaFin (Germany),2549008CBASK5Q680X12,LEI,Germany,a c d e j,2025-09-04,"ESMA interim MiCA register (CASPS), update of 24 Sep 2026",https://www.esma.europa.eu/sites/default/files/2024-12/CASPS.csv,2026-09-29,Licensed in Germany and notified to serve Lithuania.
LT,Lithuania,Bybit,https://exchangecatalogue.com/exchange/bybit/,passported,Bybit EU GmbH,FMA (Austria),5299005V5GBSN2A4C303,LEI,Austria,a c d f j,2025-05-28,"ESMA interim MiCA register (CASPS), update of 24 Sep 2026",https://www.esma.europa.eu/sites/default/files/2024-12/CASPS.csv,2026-09-29,Licensed in Austria and notified to serve Lithuania.
LT,Lithuania,CEX.IO,https://exchangecatalogue.com/exchange/cex-io/,not_on_register,,,,,,,,"ESMA interim MiCA register (CASPS), update of 24 Sep 2026",https://www.esma.europa.eu/sites/default/files/2024-12/CASPS.csv,2026-09-29,Not on the ESMA register of MiCA licensed firms.
LT,Lithuania,Coinbase,https://exchangecatalogue.com/exchange/coinbase-exchange/,passported,Coinbase Luxembourg S.A.,CSSF (Luxembourg),984500F14CA4571AAC11,LEI,Luxembourg,a c d e f g j,2025-06-20,"ESMA interim MiCA register (CASPS), update of 24 Sep 2026",https://www.esma.europa.eu/sites/default/files/2024-12/CASPS.csv,2026-09-29,Licensed in Luxembourg and notified to serve Lithuania.
LT,Lithuania,Crypto.com,https://exchangecatalogue.com/exchange/crypto-com-exchange/,passported,Foris DAX MT Limited,MFSA (Malta),2549005CVR5HH70FDO07,LEI,Malta,a c d e g j,2025-01-27,"ESMA interim MiCA register (CASPS), update of 24 Sep 2026",https://www.esma.europa.eu/sites/default/files/2024-12/CASPS.csv,2026-09-29,Licensed in Malta and notified to serve Lithuania.
LT,Lithuania,Gate,https://exchangecatalogue.com/exchange/gate/,passported,Gate Technology Limited,MFSA (Malta),984500D6A0F945BB5A15,LEI,Malta,a b c d e j,2025-09-29,"ESMA interim MiCA register (CASPS), update of 24 Sep 2026",https://www.esma.europa.eu/sites/default/files/2024-12/CASPS.csv,2026-09-29,Licensed in Malta and notified to serve Lithuania.
LT,Lithuania,Gemini,https://exchangecatalogue.com/exchange/gemini/,restricted_by_exchange,Gemini Intergalactic EU Ltd,MFSA (Malta),2138002QAMX8PPKSO715,LEI,Malta,a c d e f g j,2025-08-21,"ESMA interim MiCA register (CASPS), update of 24 Sep 2026",https://www.esma.europa.eu/sites/default/files/2024-12/CASPS.csv,2026-09-29,"Holds a MiCA licence, but Gemini closed all accounts in the EEA on 6 Apr 2026."
LT,Lithuania,HTX,https://exchangecatalogue.com/exchange/htx/,not_on_register,,,,,,,,"ESMA interim MiCA register (CASPS), update of 24 Sep 2026",https://www.esma.europa.eu/sites/default/files/2024-12/CASPS.csv,2026-09-29,Not on the ESMA register of MiCA licensed firms.
LT,Lithuania,Kanga,https://exchangecatalogue.com/exchange/kanga/,passported,SIA AlphaRoute (kangaexchange.eu),Latvijas Banka (Latvia),259400JCJJ78A4ZCXP93,LEI,Latvia,a b c d f j,2026-06-18,"ESMA interim MiCA register (CASPS), update of 24 Sep 2026",https://www.esma.europa.eu/sites/default/files/2024-12/CASPS.csv,2026-09-29,Licensed in Latvia and notified to serve Lithuania.
LT,Lithuania,Kraken,https://exchangecatalogue.com/exchange/kraken/,passported,Payward Europe Solutions Limited,Central Bank of Ireland,254900641D8KNHUZYX24,LEI,Ireland,a c d e f g i j,2025-06-25,"ESMA interim MiCA register (CASPS), update of 24 Sep 2026",https://www.esma.europa.eu/sites/default/files/2024-12/CASPS.csv,2026-09-29,Licensed in Ireland and notified to serve Lithuania.
LT,Lithuania,KuCoin,https://exchangecatalogue.com/exchange/kucoin/,passported,KuCoin EU Exchange GmbH,FMA (Austria),529900B4G0EGK7Z9KT45,LEI,Austria,a c d f j,2025-11-27,"ESMA interim MiCA register (CASPS), update of 24 Sep 2026",https://www.esma.europa.eu/sites/default/files/2024-12/CASPS.csv,2026-09-29,Licensed in Austria and notified to serve Lithuania.
LT,Lithuania,MEXC,https://exchangecatalogue.com/exchange/mexc/,not_on_register,,,,,,,,"ESMA interim MiCA register (CASPS), update of 24 Sep 2026",https://www.esma.europa.eu/sites/default/files/2024-12/CASPS.csv,2026-09-29,Not on the ESMA register of MiCA licensed firms.
LT,Lithuania,OKX,https://exchangecatalogue.com/exchange/okx/,passported,OKX Europe Limited,MFSA (Malta),54930069NLWEIGLHXU42,LEI,Malta,a b c d e f g i j,2025-01-27,"ESMA interim MiCA register (CASPS), update of 24 Sep 2026",https://www.esma.europa.eu/sites/default/files/2024-12/CASPS.csv,2026-09-29,Licensed in Malta and notified to serve Lithuania.
LT,Lithuania,One Trading,https://exchangecatalogue.com/exchange/one-trading/,passported,One Trading Exchange B.V.,AFM (Netherlands),984500AA963ED2BA8460,LEI,Netherlands,a b,2025-05-15,"ESMA interim MiCA register (CASPS), update of 24 Sep 2026",https://www.esma.europa.eu/sites/default/files/2024-12/CASPS.csv,2026-09-29,Licensed in Netherlands and notified to serve Lithuania.
LT,Lithuania,Toobit,https://exchangecatalogue.com/exchange/toobit/,not_on_register,,,,,,,,"ESMA interim MiCA register (CASPS), update of 24 Sep 2026",https://www.esma.europa.eu/sites/default/files/2024-12/CASPS.csv,2026-09-29,Not on the ESMA register of MiCA licensed firms. Its terms name a Polish company as the EEA contracting party and cite no MiCA licence.
LT,Lithuania,Tothemoon,https://exchangecatalogue.com/exchange/tothemoon/,passported,Brilliantscope Trading Limited,CySEC (Cyprus),9845009846V10FGD4840,LEI,Cyprus,a c d e f g j,2026-06-29,"ESMA interim MiCA register (CASPS), update of 24 Sep 2026",https://www.esma.europa.eu/sites/default/files/2024-12/CASPS.csv,2026-09-29,Licensed in Cyprus and notified to serve Lithuania.
LT,Lithuania,WhiteBIT,https://exchangecatalogue.com/exchange/whitebit/,passported,WB-Shields Innovations GmbH (WhiteBIT EU),FMA (Austria),254900ERDZ4CZ5IF7P56,LEI,Austria,a c d f j,2026-06-18,"ESMA interim MiCA register (CASPS), update of 24 Sep 2026",https://www.esma.europa.eu/sites/default/files/2024-12/CASPS.csv,2026-09-29,Licensed in Austria and notified to serve Lithuania.
LT,Lithuania,XT.COM,https://exchangecatalogue.com/exchange/xt-com/,not_on_register,,,,,,,,"ESMA interim MiCA register (CASPS), update of 24 Sep 2026",https://www.esma.europa.eu/sites/default/files/2024-12/CASPS.csv,2026-09-29,Not on the ESMA register of MiCA licensed firms.
LU,Luxembourg,Backpack Exchange,https://exchangecatalogue.com/exchange/backpack-exchange/,passported,Trek Technologies SIA (Backpack EU),Latvijas Banka (Latvia),6488C2PNI17093U2YA18,LEI,Latvia,a c d e j,2026-05-27,"ESMA interim MiCA register (CASPS), update of 24 Sep 2026",https://www.esma.europa.eu/sites/default/files/2024-12/CASPS.csv,2026-09-29,Licensed in Latvia and notified to serve Luxembourg.
LU,Luxembourg,Binance,https://exchangecatalogue.com/exchange/binance/,not_on_register,,,,,,,,"ESMA interim MiCA register (CASPS), update of 24 Sep 2026",https://www.esma.europa.eu/sites/default/files/2024-12/CASPS.csv,2026-09-29,Not on the ESMA register of MiCA licensed firms. Binance does not hold a MiCA licence. It stopped new EU sign ups and restricted its services ahead of 1 July 2026.
LU,Luxembourg,BingX,https://exchangecatalogue.com/exchange/bingx/,not_on_register,,,,,,,,"ESMA interim MiCA register (CASPS), update of 24 Sep 2026",https://www.esma.europa.eu/sites/default/files/2024-12/CASPS.csv,2026-09-29,Not on the ESMA register of MiCA licensed firms.
LU,Luxembourg,Bitfinex,https://exchangecatalogue.com/exchange/bitfinex/,not_on_register,,,,,,,,"ESMA interim MiCA register (CASPS), update of 24 Sep 2026",https://www.esma.europa.eu/sites/default/files/2024-12/CASPS.csv,2026-09-29,Not on the ESMA register of MiCA licensed firms.
LU,Luxembourg,bitFlyer,https://exchangecatalogue.com/exchange/bitflyer/,licensed,bitFlyer EUROPE S.A.,CSSF (Luxembourg),984500D4465EFA89EF38,LEI,Luxembourg,a c d e j,2026-06-26,"ESMA interim MiCA register (CASPS), update of 24 Sep 2026",https://www.esma.europa.eu/sites/default/files/2024-12/CASPS.csv,2026-09-29,
LU,Luxembourg,Bitget,https://exchangecatalogue.com/exchange/bitget/,not_on_register,,,,,,,,"ESMA interim MiCA register (CASPS), update of 24 Sep 2026",https://www.esma.europa.eu/sites/default/files/2024-12/CASPS.csv,2026-09-29,Not on the ESMA register of MiCA licensed firms. Its application to the Austrian FMA was still pending on the date checked.
LU,Luxembourg,BitMart,https://exchangecatalogue.com/exchange/bitmart/,not_on_register,,,,,,,,"ESMA interim MiCA register (CASPS), update of 24 Sep 2026",https://www.esma.europa.eu/sites/default/files/2024-12/CASPS.csv,2026-09-29,Not on the ESMA register of MiCA licensed firms.
LU,Luxembourg,Bitstamp,https://exchangecatalogue.com/exchange/bitstamp/,licensed,Bitstamp Europe S.A.,CSSF (Luxembourg),549300XIBGTJ0PLIEO72,LEI,Luxembourg,a b c d e g j,2025-05-15,"ESMA interim MiCA register (CASPS), update of 24 Sep 2026",https://www.esma.europa.eu/sites/default/files/2024-12/CASPS.csv,2026-09-29,
LU,Luxembourg,Bitvavo,https://exchangecatalogue.com/exchange/bitvavo/,passported,Bitvavo B.V.,AFM (Netherlands),724500MX2WBKDJP9HE56,LEI,Netherlands,a b j,2025-06-26,"ESMA interim MiCA register (CASPS), update of 24 Sep 2026",https://www.esma.europa.eu/sites/default/files/2024-12/CASPS.csv,2026-09-29,Licensed in Netherlands and notified to serve Luxembourg.
LU,Luxembourg,Bullish,https://exchangecatalogue.com/exchange/bullish/,passported,Bullish Europe GmbH,BaFin (Germany),2549008CBASK5Q680X12,LEI,Germany,a c d e j,2025-09-04,"ESMA interim MiCA register (CASPS), update of 24 Sep 2026",https://www.esma.europa.eu/sites/default/files/2024-12/CASPS.csv,2026-09-29,Licensed in Germany and notified to serve Luxembourg.
LU,Luxembourg,Bybit,https://exchangecatalogue.com/exchange/bybit/,passported,Bybit EU GmbH,FMA (Austria),5299005V5GBSN2A4C303,LEI,Austria,a c d f j,2025-05-28,"ESMA interim MiCA register (CASPS), update of 24 Sep 2026",https://www.esma.europa.eu/sites/default/files/2024-12/CASPS.csv,2026-09-29,Licensed in Austria and notified to serve Luxembourg.
LU,Luxembourg,CEX.IO,https://exchangecatalogue.com/exchange/cex-io/,not_on_register,,,,,,,,"ESMA interim MiCA register (CASPS), update of 24 Sep 2026",https://www.esma.europa.eu/sites/default/files/2024-12/CASPS.csv,2026-09-29,Not on the ESMA register of MiCA licensed firms.
LU,Luxembourg,Coinbase,https://exchangecatalogue.com/exchange/coinbase-exchange/,licensed,Coinbase Luxembourg S.A.,CSSF (Luxembourg),984500F14CA4571AAC11,LEI,Luxembourg,a c d e f g j,2025-06-20,"ESMA interim MiCA register (CASPS), update of 24 Sep 2026",https://www.esma.europa.eu/sites/default/files/2024-12/CASPS.csv,2026-09-29,
LU,Luxembourg,Crypto.com,https://exchangecatalogue.com/exchange/crypto-com-exchange/,passported,Foris DAX MT Limited,MFSA (Malta),2549005CVR5HH70FDO07,LEI,Malta,a c d e g j,2025-01-27,"ESMA interim MiCA register (CASPS), update of 24 Sep 2026",https://www.esma.europa.eu/sites/default/files/2024-12/CASPS.csv,2026-09-29,Licensed in Malta and notified to serve Luxembourg.
LU,Luxembourg,Gate,https://exchangecatalogue.com/exchange/gate/,passported,Gate Technology Limited,MFSA (Malta),984500D6A0F945BB5A15,LEI,Malta,a b c d e j,2025-09-29,"ESMA interim MiCA register (CASPS), update of 24 Sep 2026",https://www.esma.europa.eu/sites/default/files/2024-12/CASPS.csv,2026-09-29,Licensed in Malta and notified to serve Luxembourg.
LU,Luxembourg,Gemini,https://exchangecatalogue.com/exchange/gemini/,restricted_by_exchange,Gemini Intergalactic EU Ltd,MFSA (Malta),2138002QAMX8PPKSO715,LEI,Malta,a c d e f g j,2025-08-21,"ESMA interim MiCA register (CASPS), update of 24 Sep 2026",https://www.esma.europa.eu/sites/default/files/2024-12/CASPS.csv,2026-09-29,"Holds a MiCA licence, but Gemini closed all accounts in the EEA on 6 Apr 2026."
LU,Luxembourg,HTX,https://exchangecatalogue.com/exchange/htx/,not_on_register,,,,,,,,"ESMA interim MiCA register (CASPS), update of 24 Sep 2026",https://www.esma.europa.eu/sites/default/files/2024-12/CASPS.csv,2026-09-29,Not on the ESMA register of MiCA licensed firms.
LU,Luxembourg,Kanga,https://exchangecatalogue.com/exchange/kanga/,not_passported,SIA AlphaRoute (kangaexchange.eu),Latvijas Banka (Latvia),259400JCJJ78A4ZCXP93,LEI,Latvia,a b c d f j,2026-06-18,"ESMA interim MiCA register (CASPS), update of 24 Sep 2026",https://www.esma.europa.eu/sites/default/files/2024-12/CASPS.csv,2026-09-29,"Licensed in Latvia, but Luxembourg is not in its list of host countries."
LU,Luxembourg,Kraken,https://exchangecatalogue.com/exchange/kraken/,passported,Payward Europe Solutions Limited,Central Bank of Ireland,254900641D8KNHUZYX24,LEI,Ireland,a c d e f g i j,2025-06-25,"ESMA interim MiCA register (CASPS), update of 24 Sep 2026",https://www.esma.europa.eu/sites/default/files/2024-12/CASPS.csv,2026-09-29,Licensed in Ireland and notified to serve Luxembourg.
LU,Luxembourg,KuCoin,https://exchangecatalogue.com/exchange/kucoin/,passported,KuCoin EU Exchange GmbH,FMA (Austria),529900B4G0EGK7Z9KT45,LEI,Austria,a c d f j,2025-11-27,"ESMA interim MiCA register (CASPS), update of 24 Sep 2026",https://www.esma.europa.eu/sites/default/files/2024-12/CASPS.csv,2026-09-29,Licensed in Austria and notified to serve Luxembourg.
LU,Luxembourg,MEXC,https://exchangecatalogue.com/exchange/mexc/,not_on_register,,,,,,,,"ESMA interim MiCA register (CASPS), update of 24 Sep 2026",https://www.esma.europa.eu/sites/default/files/2024-12/CASPS.csv,2026-09-29,Not on the ESMA register of MiCA licensed firms.
LU,Luxembourg,OKX,https://exchangecatalogue.com/exchange/okx/,passported,OKX Europe Limited,MFSA (Malta),54930069NLWEIGLHXU42,LEI,Malta,a b c d e f g i j,2025-01-27,"ESMA interim MiCA register (CASPS), update of 24 Sep 2026",https://www.esma.europa.eu/sites/default/files/2024-12/CASPS.csv,2026-09-29,Licensed in Malta and notified to serve Luxembourg.
LU,Luxembourg,One Trading,https://exchangecatalogue.com/exchange/one-trading/,passported,One Trading Exchange B.V.,AFM (Netherlands),984500AA963ED2BA8460,LEI,Netherlands,a b,2025-05-15,"ESMA interim MiCA register (CASPS), update of 24 Sep 2026",https://www.esma.europa.eu/sites/default/files/2024-12/CASPS.csv,2026-09-29,Licensed in Netherlands and notified to serve Luxembourg.
LU,Luxembourg,Toobit,https://exchangecatalogue.com/exchange/toobit/,not_on_register,,,,,,,,"ESMA interim MiCA register (CASPS), update of 24 Sep 2026",https://www.esma.europa.eu/sites/default/files/2024-12/CASPS.csv,2026-09-29,Not on the ESMA register of MiCA licensed firms. Its terms name a Polish company as the EEA contracting party and cite no MiCA licence.
LU,Luxembourg,Tothemoon,https://exchangecatalogue.com/exchange/tothemoon/,passported,Brilliantscope Trading Limited,CySEC (Cyprus),9845009846V10FGD4840,LEI,Cyprus,a c d e f g j,2026-06-29,"ESMA interim MiCA register (CASPS), update of 24 Sep 2026",https://www.esma.europa.eu/sites/default/files/2024-12/CASPS.csv,2026-09-29,Licensed in Cyprus and notified to serve Luxembourg.
LU,Luxembourg,WhiteBIT,https://exchangecatalogue.com/exchange/whitebit/,passported,WB-Shields Innovations GmbH (WhiteBIT EU),FMA (Austria),254900ERDZ4CZ5IF7P56,LEI,Austria,a c d f j,2026-06-18,"ESMA interim MiCA register (CASPS), update of 24 Sep 2026",https://www.esma.europa.eu/sites/default/files/2024-12/CASPS.csv,2026-09-29,Licensed in Austria and notified to serve Luxembourg.
LU,Luxembourg,XT.COM,https://exchangecatalogue.com/exchange/xt-com/,not_on_register,,,,,,,,"ESMA interim MiCA register (CASPS), update of 24 Sep 2026",https://www.esma.europa.eu/sites/default/files/2024-12/CASPS.csv,2026-09-29,Not on the ESMA register of MiCA licensed firms.
MT,Malta,Backpack Exchange,https://exchangecatalogue.com/exchange/backpack-exchange/,passported,Trek Technologies SIA (Backpack EU),Latvijas Banka (Latvia),6488C2PNI17093U2YA18,LEI,Latvia,a c d e j,2026-05-27,"ESMA interim MiCA register (CASPS), update of 24 Sep 2026",https://www.esma.europa.eu/sites/default/files/2024-12/CASPS.csv,2026-09-29,Licensed in Latvia and notified to serve Malta.
MT,Malta,Binance,https://exchangecatalogue.com/exchange/binance/,not_on_register,,,,,,,,"ESMA interim MiCA register (CASPS), update of 24 Sep 2026",https://www.esma.europa.eu/sites/default/files/2024-12/CASPS.csv,2026-09-29,Not on the ESMA register of MiCA licensed firms. Binance does not hold a MiCA licence. It stopped new EU sign ups and restricted its services ahead of 1 July 2026.
MT,Malta,BingX,https://exchangecatalogue.com/exchange/bingx/,not_on_register,,,,,,,,"ESMA interim MiCA register (CASPS), update of 24 Sep 2026",https://www.esma.europa.eu/sites/default/files/2024-12/CASPS.csv,2026-09-29,Not on the ESMA register of MiCA licensed firms.
MT,Malta,Bitfinex,https://exchangecatalogue.com/exchange/bitfinex/,not_on_register,,,,,,,,"ESMA interim MiCA register (CASPS), update of 24 Sep 2026",https://www.esma.europa.eu/sites/default/files/2024-12/CASPS.csv,2026-09-29,Not on the ESMA register of MiCA licensed firms.
MT,Malta,bitFlyer,https://exchangecatalogue.com/exchange/bitflyer/,passported,bitFlyer EUROPE S.A.,CSSF (Luxembourg),984500D4465EFA89EF38,LEI,Luxembourg,a c d e j,2026-06-26,"ESMA interim MiCA register (CASPS), update of 24 Sep 2026",https://www.esma.europa.eu/sites/default/files/2024-12/CASPS.csv,2026-09-29,Licensed in Luxembourg and notified to serve Malta.
MT,Malta,Bitget,https://exchangecatalogue.com/exchange/bitget/,not_on_register,,,,,,,,"ESMA interim MiCA register (CASPS), update of 24 Sep 2026",https://www.esma.europa.eu/sites/default/files/2024-12/CASPS.csv,2026-09-29,Not on the ESMA register of MiCA licensed firms. Its application to the Austrian FMA was still pending on the date checked.
MT,Malta,BitMart,https://exchangecatalogue.com/exchange/bitmart/,not_on_register,,,,,,,,"ESMA interim MiCA register (CASPS), update of 24 Sep 2026",https://www.esma.europa.eu/sites/default/files/2024-12/CASPS.csv,2026-09-29,Not on the ESMA register of MiCA licensed firms.
MT,Malta,Bitstamp,https://exchangecatalogue.com/exchange/bitstamp/,passported,Bitstamp Europe S.A.,CSSF (Luxembourg),549300XIBGTJ0PLIEO72,LEI,Luxembourg,a b c d e g j,2025-05-15,"ESMA interim MiCA register (CASPS), update of 24 Sep 2026",https://www.esma.europa.eu/sites/default/files/2024-12/CASPS.csv,2026-09-29,Licensed in Luxembourg and notified to serve Malta.
MT,Malta,Bitvavo,https://exchangecatalogue.com/exchange/bitvavo/,passported,Bitvavo B.V.,AFM (Netherlands),724500MX2WBKDJP9HE56,LEI,Netherlands,a b j,2025-06-26,"ESMA interim MiCA register (CASPS), update of 24 Sep 2026",https://www.esma.europa.eu/sites/default/files/2024-12/CASPS.csv,2026-09-29,Licensed in Netherlands and notified to serve Malta.
MT,Malta,Bullish,https://exchangecatalogue.com/exchange/bullish/,passported,Bullish Europe GmbH,BaFin (Germany),2549008CBASK5Q680X12,LEI,Germany,a c d e j,2025-09-04,"ESMA interim MiCA register (CASPS), update of 24 Sep 2026",https://www.esma.europa.eu/sites/default/files/2024-12/CASPS.csv,2026-09-29,Licensed in Germany and notified to serve Malta.
MT,Malta,Bybit,https://exchangecatalogue.com/exchange/bybit/,not_passported,Bybit EU GmbH,FMA (Austria),5299005V5GBSN2A4C303,LEI,Austria,a c d f j,2025-05-28,"ESMA interim MiCA register (CASPS), update of 24 Sep 2026",https://www.esma.europa.eu/sites/default/files/2024-12/CASPS.csv,2026-09-29,"Licensed in Austria, but Malta is not in its list of host countries."
MT,Malta,CEX.IO,https://exchangecatalogue.com/exchange/cex-io/,not_on_register,,,,,,,,"ESMA interim MiCA register (CASPS), update of 24 Sep 2026",https://www.esma.europa.eu/sites/default/files/2024-12/CASPS.csv,2026-09-29,Not on the ESMA register of MiCA licensed firms.
MT,Malta,Coinbase,https://exchangecatalogue.com/exchange/coinbase-exchange/,passported,Coinbase Luxembourg S.A.,CSSF (Luxembourg),984500F14CA4571AAC11,LEI,Luxembourg,a c d e f g j,2025-06-20,"ESMA interim MiCA register (CASPS), update of 24 Sep 2026",https://www.esma.europa.eu/sites/default/files/2024-12/CASPS.csv,2026-09-29,Licensed in Luxembourg and notified to serve Malta.
MT,Malta,Crypto.com,https://exchangecatalogue.com/exchange/crypto-com-exchange/,licensed,Foris DAX MT Limited,MFSA (Malta),2549005CVR5HH70FDO07,LEI,Malta,a c d e g j,2025-01-27,"ESMA interim MiCA register (CASPS), update of 24 Sep 2026",https://www.esma.europa.eu/sites/default/files/2024-12/CASPS.csv,2026-09-29,
MT,Malta,Gate,https://exchangecatalogue.com/exchange/gate/,licensed,Gate Technology Limited,MFSA (Malta),984500D6A0F945BB5A15,LEI,Malta,a b c d e j,2025-09-29,"ESMA interim MiCA register (CASPS), update of 24 Sep 2026",https://www.esma.europa.eu/sites/default/files/2024-12/CASPS.csv,2026-09-29,
MT,Malta,Gemini,https://exchangecatalogue.com/exchange/gemini/,restricted_by_exchange,Gemini Intergalactic EU Ltd,MFSA (Malta),2138002QAMX8PPKSO715,LEI,Malta,a c d e f g j,2025-08-21,"ESMA interim MiCA register (CASPS), update of 24 Sep 2026",https://www.esma.europa.eu/sites/default/files/2024-12/CASPS.csv,2026-09-29,"Holds a MiCA licence, but Gemini closed all accounts in the EEA on 6 Apr 2026."
MT,Malta,HTX,https://exchangecatalogue.com/exchange/htx/,not_on_register,,,,,,,,"ESMA interim MiCA register (CASPS), update of 24 Sep 2026",https://www.esma.europa.eu/sites/default/files/2024-12/CASPS.csv,2026-09-29,Not on the ESMA register of MiCA licensed firms.
MT,Malta,Kanga,https://exchangecatalogue.com/exchange/kanga/,not_passported,SIA AlphaRoute (kangaexchange.eu),Latvijas Banka (Latvia),259400JCJJ78A4ZCXP93,LEI,Latvia,a b c d f j,2026-06-18,"ESMA interim MiCA register (CASPS), update of 24 Sep 2026",https://www.esma.europa.eu/sites/default/files/2024-12/CASPS.csv,2026-09-29,"Licensed in Latvia, but Malta is not in its list of host countries."
MT,Malta,Kraken,https://exchangecatalogue.com/exchange/kraken/,passported,Payward Europe Solutions Limited,Central Bank of Ireland,254900641D8KNHUZYX24,LEI,Ireland,a c d e f g i j,2025-06-25,"ESMA interim MiCA register (CASPS), update of 24 Sep 2026",https://www.esma.europa.eu/sites/default/files/2024-12/CASPS.csv,2026-09-29,Licensed in Ireland and notified to serve Malta.
MT,Malta,KuCoin,https://exchangecatalogue.com/exchange/kucoin/,not_passported,KuCoin EU Exchange GmbH,FMA (Austria),529900B4G0EGK7Z9KT45,LEI,Austria,a c d f j,2025-11-27,"ESMA interim MiCA register (CASPS), update of 24 Sep 2026",https://www.esma.europa.eu/sites/default/files/2024-12/CASPS.csv,2026-09-29,"Licensed in Austria, but Malta is not in its list of host countries."
MT,Malta,MEXC,https://exchangecatalogue.com/exchange/mexc/,not_on_register,,,,,,,,"ESMA interim MiCA register (CASPS), update of 24 Sep 2026",https://www.esma.europa.eu/sites/default/files/2024-12/CASPS.csv,2026-09-29,Not on the ESMA register of MiCA licensed firms.
MT,Malta,OKX,https://exchangecatalogue.com/exchange/okx/,licensed,OKX Europe Limited,MFSA (Malta),54930069NLWEIGLHXU42,LEI,Malta,a b c d e f g i j,2025-01-27,"ESMA interim MiCA register (CASPS), update of 24 Sep 2026",https://www.esma.europa.eu/sites/default/files/2024-12/CASPS.csv,2026-09-29,
MT,Malta,One Trading,https://exchangecatalogue.com/exchange/one-trading/,passported,One Trading Exchange B.V.,AFM (Netherlands),984500AA963ED2BA8460,LEI,Netherlands,a b,2025-05-15,"ESMA interim MiCA register (CASPS), update of 24 Sep 2026",https://www.esma.europa.eu/sites/default/files/2024-12/CASPS.csv,2026-09-29,Licensed in Netherlands and notified to serve Malta.
MT,Malta,Toobit,https://exchangecatalogue.com/exchange/toobit/,not_on_register,,,,,,,,"ESMA interim MiCA register (CASPS), update of 24 Sep 2026",https://www.esma.europa.eu/sites/default/files/2024-12/CASPS.csv,2026-09-29,Not on the ESMA register of MiCA licensed firms. Its terms name a Polish company as the EEA contracting party and cite no MiCA licence.
MT,Malta,Tothemoon,https://exchangecatalogue.com/exchange/tothemoon/,passported,Brilliantscope Trading Limited,CySEC (Cyprus),9845009846V10FGD4840,LEI,Cyprus,a c d e f g j,2026-06-29,"ESMA interim MiCA register (CASPS), update of 24 Sep 2026",https://www.esma.europa.eu/sites/default/files/2024-12/CASPS.csv,2026-09-29,Licensed in Cyprus and notified to serve Malta.
MT,Malta,WhiteBIT,https://exchangecatalogue.com/exchange/whitebit/,not_passported,WB-Shields Innovations GmbH (WhiteBIT EU),FMA (Austria),254900ERDZ4CZ5IF7P56,LEI,Austria,a c d f j,2026-06-18,"ESMA interim MiCA register (CASPS), update of 24 Sep 2026",https://www.esma.europa.eu/sites/default/files/2024-12/CASPS.csv,2026-09-29,"Licensed in Austria, but Malta is not in its list of host countries."
MT,Malta,XT.COM,https://exchangecatalogue.com/exchange/xt-com/,not_on_register,,,,,,,,"ESMA interim MiCA register (CASPS), update of 24 Sep 2026",https://www.esma.europa.eu/sites/default/files/2024-12/CASPS.csv,2026-09-29,Not on the ESMA register of MiCA licensed firms.
NL,Netherlands,Backpack Exchange,https://exchangecatalogue.com/exchange/backpack-exchange/,passported,Trek Technologies SIA (Backpack EU),Latvijas Banka (Latvia),6488C2PNI17093U2YA18,LEI,Latvia,a c d e j,2026-05-27,"ESMA interim MiCA register (CASPS), update of 24 Sep 2026",https://www.esma.europa.eu/sites/default/files/2024-12/CASPS.csv,2026-09-29,Licensed in Latvia and notified to serve Netherlands.
NL,Netherlands,Binance,https://exchangecatalogue.com/exchange/binance/,not_on_register,,,,,,,,"ESMA interim MiCA register (CASPS), update of 24 Sep 2026",https://www.esma.europa.eu/sites/default/files/2024-12/CASPS.csv,2026-09-29,Not on the ESMA register of MiCA licensed firms. Binance does not hold a MiCA licence. It stopped new EU sign ups and restricted its services ahead of 1 July 2026.
NL,Netherlands,BingX,https://exchangecatalogue.com/exchange/bingx/,restricted_by_exchange,,,,,,,,BingX terms,https://bingx.com/en/support/articles/360034028153,2026-09-29,Its terms list the Netherlands as a restricted country. It is not on the ESMA register of MiCA licensed firms.
NL,Netherlands,Bitfinex,https://exchangecatalogue.com/exchange/bitfinex/,not_on_register,,,,,,,,"ESMA interim MiCA register (CASPS), update of 24 Sep 2026",https://www.esma.europa.eu/sites/default/files/2024-12/CASPS.csv,2026-09-29,Not on the ESMA register of MiCA licensed firms.
NL,Netherlands,bitFlyer,https://exchangecatalogue.com/exchange/bitflyer/,passported,bitFlyer EUROPE S.A.,CSSF (Luxembourg),984500D4465EFA89EF38,LEI,Luxembourg,a c d e j,2026-06-26,"ESMA interim MiCA register (CASPS), update of 24 Sep 2026",https://www.esma.europa.eu/sites/default/files/2024-12/CASPS.csv,2026-09-29,Licensed in Luxembourg and notified to serve Netherlands.
NL,Netherlands,Bitget,https://exchangecatalogue.com/exchange/bitget/,not_on_register,,,,,,,,"ESMA interim MiCA register (CASPS), update of 24 Sep 2026",https://www.esma.europa.eu/sites/default/files/2024-12/CASPS.csv,2026-09-29,Not on the ESMA register of MiCA licensed firms. Its application to the Austrian FMA was still pending on the date checked.
NL,Netherlands,BitMart,https://exchangecatalogue.com/exchange/bitmart/,restricted_by_exchange,,,,,,,,BitMart terms,https://bitmart.zendesk.com/hc/en-us/articles/115004890354-BITMART-USER-AGREEMENT,2026-09-29,Its user agreement excludes residents of this country. It is not on the ESMA register of MiCA licensed firms.
NL,Netherlands,Bitstamp,https://exchangecatalogue.com/exchange/bitstamp/,passported,Bitstamp Europe S.A.,CSSF (Luxembourg),549300XIBGTJ0PLIEO72,LEI,Luxembourg,a b c d e g j,2025-05-15,"ESMA interim MiCA register (CASPS), update of 24 Sep 2026",https://www.esma.europa.eu/sites/default/files/2024-12/CASPS.csv,2026-09-29,Licensed in Luxembourg and notified to serve Netherlands.
NL,Netherlands,Bitvavo,https://exchangecatalogue.com/exchange/bitvavo/,licensed,Bitvavo B.V.,AFM (Netherlands),724500MX2WBKDJP9HE56,LEI,Netherlands,a b j,2025-06-26,"ESMA interim MiCA register (CASPS), update of 24 Sep 2026",https://www.esma.europa.eu/sites/default/files/2024-12/CASPS.csv,2026-09-29,
NL,Netherlands,Bullish,https://exchangecatalogue.com/exchange/bullish/,passported,Bullish Europe GmbH,BaFin (Germany),2549008CBASK5Q680X12,LEI,Germany,a c d e j,2025-09-04,"ESMA interim MiCA register (CASPS), update of 24 Sep 2026",https://www.esma.europa.eu/sites/default/files/2024-12/CASPS.csv,2026-09-29,Licensed in Germany and notified to serve Netherlands.
NL,Netherlands,Bybit,https://exchangecatalogue.com/exchange/bybit/,passported,Bybit EU GmbH,FMA (Austria),5299005V5GBSN2A4C303,LEI,Austria,a c d f j,2025-05-28,"ESMA interim MiCA register (CASPS), update of 24 Sep 2026",https://www.esma.europa.eu/sites/default/files/2024-12/CASPS.csv,2026-09-29,Licensed in Austria and notified to serve Netherlands.
NL,Netherlands,CEX.IO,https://exchangecatalogue.com/exchange/cex-io/,not_on_register,,,,,,,,"ESMA interim MiCA register (CASPS), update of 24 Sep 2026",https://www.esma.europa.eu/sites/default/files/2024-12/CASPS.csv,2026-09-29,Not on the ESMA register of MiCA licensed firms.
NL,Netherlands,Coinbase,https://exchangecatalogue.com/exchange/coinbase-exchange/,passported,Coinbase Luxembourg S.A.,CSSF (Luxembourg),984500F14CA4571AAC11,LEI,Luxembourg,a c d e f g j,2025-06-20,"ESMA interim MiCA register (CASPS), update of 24 Sep 2026",https://www.esma.europa.eu/sites/default/files/2024-12/CASPS.csv,2026-09-29,Licensed in Luxembourg and notified to serve Netherlands.
NL,Netherlands,Crypto.com,https://exchangecatalogue.com/exchange/crypto-com-exchange/,passported,Foris DAX MT Limited,MFSA (Malta),2549005CVR5HH70FDO07,LEI,Malta,a c d e g j,2025-01-27,"ESMA interim MiCA register (CASPS), update of 24 Sep 2026",https://www.esma.europa.eu/sites/default/files/2024-12/CASPS.csv,2026-09-29,Licensed in Malta and notified to serve Netherlands.
NL,Netherlands,Gate,https://exchangecatalogue.com/exchange/gate/,passported,Gate Technology Limited,MFSA (Malta),984500D6A0F945BB5A15,LEI,Malta,a b c d e j,2025-09-29,"ESMA interim MiCA register (CASPS), update of 24 Sep 2026",https://www.esma.europa.eu/sites/default/files/2024-12/CASPS.csv,2026-09-29,Licensed in Malta and notified to serve Netherlands.
NL,Netherlands,Gemini,https://exchangecatalogue.com/exchange/gemini/,restricted_by_exchange,Gemini Intergalactic EU Ltd,MFSA (Malta),2138002QAMX8PPKSO715,LEI,Malta,a c d e f g j,2025-08-21,"ESMA interim MiCA register (CASPS), update of 24 Sep 2026",https://www.esma.europa.eu/sites/default/files/2024-12/CASPS.csv,2026-09-29,"Holds a MiCA licence, but Gemini closed all accounts in the EEA on 6 Apr 2026."
NL,Netherlands,HTX,https://exchangecatalogue.com/exchange/htx/,not_on_register,,,,,,,,"ESMA interim MiCA register (CASPS), update of 24 Sep 2026",https://www.esma.europa.eu/sites/default/files/2024-12/CASPS.csv,2026-09-29,Not on the ESMA register of MiCA licensed firms.
NL,Netherlands,Kanga,https://exchangecatalogue.com/exchange/kanga/,not_passported,SIA AlphaRoute (kangaexchange.eu),Latvijas Banka (Latvia),259400JCJJ78A4ZCXP93,LEI,Latvia,a b c d f j,2026-06-18,"ESMA interim MiCA register (CASPS), update of 24 Sep 2026",https://www.esma.europa.eu/sites/default/files/2024-12/CASPS.csv,2026-09-29,"Licensed in Latvia, but Netherlands is not in its list of host countries."
NL,Netherlands,Kraken,https://exchangecatalogue.com/exchange/kraken/,passported,Payward Europe Solutions Limited,Central Bank of Ireland,254900641D8KNHUZYX24,LEI,Ireland,a c d e f g i j,2025-06-25,"ESMA interim MiCA register (CASPS), update of 24 Sep 2026",https://www.esma.europa.eu/sites/default/files/2024-12/CASPS.csv,2026-09-29,Licensed in Ireland and notified to serve Netherlands.
NL,Netherlands,KuCoin,https://exchangecatalogue.com/exchange/kucoin/,passported,KuCoin EU Exchange GmbH,FMA (Austria),529900B4G0EGK7Z9KT45,LEI,Austria,a c d f j,2025-11-27,"ESMA interim MiCA register (CASPS), update of 24 Sep 2026",https://www.esma.europa.eu/sites/default/files/2024-12/CASPS.csv,2026-09-29,Licensed in Austria and notified to serve Netherlands.
NL,Netherlands,MEXC,https://exchangecatalogue.com/exchange/mexc/,warning,,AFM (Netherlands),,,,,2025-09-16,"ESMA list of non-compliant entities (NCASP), update of 24 Sep 2026",https://www.esma.europa.eu/sites/default/files/2024-12/NCASP.csv,2026-09-29,The AFM says MEXC Global offers crypto services in the Netherlands without the required MiCA licence.
NL,Netherlands,OKX,https://exchangecatalogue.com/exchange/okx/,passported,OKX Europe Limited,MFSA (Malta),54930069NLWEIGLHXU42,LEI,Malta,a b c d e f g i j,2025-01-27,"ESMA interim MiCA register (CASPS), update of 24 Sep 2026",https://www.esma.europa.eu/sites/default/files/2024-12/CASPS.csv,2026-09-29,Licensed in Malta and notified to serve Netherlands.
NL,Netherlands,One Trading,https://exchangecatalogue.com/exchange/one-trading/,licensed,One Trading Exchange B.V.,AFM (Netherlands),984500AA963ED2BA8460,LEI,Netherlands,a b,2025-05-15,"ESMA interim MiCA register (CASPS), update of 24 Sep 2026",https://www.esma.europa.eu/sites/default/files/2024-12/CASPS.csv,2026-09-29,
NL,Netherlands,Toobit,https://exchangecatalogue.com/exchange/toobit/,not_on_register,,,,,,,,"ESMA interim MiCA register (CASPS), update of 24 Sep 2026",https://www.esma.europa.eu/sites/default/files/2024-12/CASPS.csv,2026-09-29,Not on the ESMA register of MiCA licensed firms. Its terms name a Polish company as the EEA contracting party and cite no MiCA licence.
NL,Netherlands,Tothemoon,https://exchangecatalogue.com/exchange/tothemoon/,passported,Brilliantscope Trading Limited,CySEC (Cyprus),9845009846V10FGD4840,LEI,Cyprus,a c d e f g j,2026-06-29,"ESMA interim MiCA register (CASPS), update of 24 Sep 2026",https://www.esma.europa.eu/sites/default/files/2024-12/CASPS.csv,2026-09-29,Licensed in Cyprus and notified to serve Netherlands.
NL,Netherlands,WhiteBIT,https://exchangecatalogue.com/exchange/whitebit/,passported,WB-Shields Innovations GmbH (WhiteBIT EU),FMA (Austria),254900ERDZ4CZ5IF7P56,LEI,Austria,a c d f j,2026-06-18,"ESMA interim MiCA register (CASPS), update of 24 Sep 2026",https://www.esma.europa.eu/sites/default/files/2024-12/CASPS.csv,2026-09-29,Licensed in Austria and notified to serve Netherlands.
NL,Netherlands,XT.COM,https://exchangecatalogue.com/exchange/xt-com/,not_on_register,,,,,,,,"ESMA interim MiCA register (CASPS), update of 24 Sep 2026",https://www.esma.europa.eu/sites/default/files/2024-12/CASPS.csv,2026-09-29,Not on the ESMA register of MiCA licensed firms.
NO,Norway,Backpack Exchange,https://exchangecatalogue.com/exchange/backpack-exchange/,passported,Trek Technologies SIA (Backpack EU),Latvijas Banka (Latvia),6488C2PNI17093U2YA18,LEI,Latvia,a c d e j,2026-05-27,"ESMA interim MiCA register (CASPS), update of 24 Sep 2026",https://www.esma.europa.eu/sites/default/files/2024-12/CASPS.csv,2026-09-29,Licensed in Latvia and notified to serve Norway.
NO,Norway,Binance,https://exchangecatalogue.com/exchange/binance/,not_on_register,,,,,,,,"ESMA interim MiCA register (CASPS), update of 24 Sep 2026",https://www.esma.europa.eu/sites/default/files/2024-12/CASPS.csv,2026-09-29,Not on the ESMA register of MiCA licensed firms. Binance does not hold a MiCA licence. It stopped new EU sign ups and restricted its services ahead of 1 July 2026.
NO,Norway,BingX,https://exchangecatalogue.com/exchange/bingx/,not_on_register,,,,,,,,"ESMA interim MiCA register (CASPS), update of 24 Sep 2026",https://www.esma.europa.eu/sites/default/files/2024-12/CASPS.csv,2026-09-29,Not on the ESMA register of MiCA licensed firms.
NO,Norway,Bitfinex,https://exchangecatalogue.com/exchange/bitfinex/,not_on_register,,,,,,,,"ESMA interim MiCA register (CASPS), update of 24 Sep 2026",https://www.esma.europa.eu/sites/default/files/2024-12/CASPS.csv,2026-09-29,Not on the ESMA register of MiCA licensed firms.
NO,Norway,bitFlyer,https://exchangecatalogue.com/exchange/bitflyer/,passported,bitFlyer EUROPE S.A.,CSSF (Luxembourg),984500D4465EFA89EF38,LEI,Luxembourg,a c d e j,2026-06-26,"ESMA interim MiCA register (CASPS), update of 24 Sep 2026",https://www.esma.europa.eu/sites/default/files/2024-12/CASPS.csv,2026-09-29,Licensed in Luxembourg and notified to serve Norway.
NO,Norway,Bitget,https://exchangecatalogue.com/exchange/bitget/,not_on_register,,,,,,,,"ESMA interim MiCA register (CASPS), update of 24 Sep 2026",https://www.esma.europa.eu/sites/default/files/2024-12/CASPS.csv,2026-09-29,Not on the ESMA register of MiCA licensed firms. Its application to the Austrian FMA was still pending on the date checked.
NO,Norway,BitMart,https://exchangecatalogue.com/exchange/bitmart/,not_on_register,,,,,,,,"ESMA interim MiCA register (CASPS), update of 24 Sep 2026",https://www.esma.europa.eu/sites/default/files/2024-12/CASPS.csv,2026-09-29,Not on the ESMA register of MiCA licensed firms.
NO,Norway,Bitstamp,https://exchangecatalogue.com/exchange/bitstamp/,passported,Bitstamp Europe S.A.,CSSF (Luxembourg),549300XIBGTJ0PLIEO72,LEI,Luxembourg,a b c d e g j,2025-05-15,"ESMA interim MiCA register (CASPS), update of 24 Sep 2026",https://www.esma.europa.eu/sites/default/files/2024-12/CASPS.csv,2026-09-29,Licensed in Luxembourg and notified to serve Norway.
NO,Norway,Bitvavo,https://exchangecatalogue.com/exchange/bitvavo/,passported,Bitvavo B.V.,AFM (Netherlands),724500MX2WBKDJP9HE56,LEI,Netherlands,a b j,2025-06-26,"ESMA interim MiCA register (CASPS), update of 24 Sep 2026",https://www.esma.europa.eu/sites/default/files/2024-12/CASPS.csv,2026-09-29,Licensed in Netherlands and notified to serve Norway.
NO,Norway,Bullish,https://exchangecatalogue.com/exchange/bullish/,passported,Bullish Europe GmbH,BaFin (Germany),2549008CBASK5Q680X12,LEI,Germany,a c d e j,2025-09-04,"ESMA interim MiCA register (CASPS), update of 24 Sep 2026",https://www.esma.europa.eu/sites/default/files/2024-12/CASPS.csv,2026-09-29,Licensed in Germany and notified to serve Norway.
NO,Norway,Bybit,https://exchangecatalogue.com/exchange/bybit/,passported,Bybit EU GmbH,FMA (Austria),5299005V5GBSN2A4C303,LEI,Austria,a c d f j,2025-05-28,"ESMA interim MiCA register (CASPS), update of 24 Sep 2026",https://www.esma.europa.eu/sites/default/files/2024-12/CASPS.csv,2026-09-29,Licensed in Austria and notified to serve Norway.
NO,Norway,CEX.IO,https://exchangecatalogue.com/exchange/cex-io/,not_on_register,,,,,,,,"ESMA interim MiCA register (CASPS), update of 24 Sep 2026",https://www.esma.europa.eu/sites/default/files/2024-12/CASPS.csv,2026-09-29,Not on the ESMA register of MiCA licensed firms.
NO,Norway,Coinbase,https://exchangecatalogue.com/exchange/coinbase-exchange/,passported,Coinbase Luxembourg S.A.,CSSF (Luxembourg),984500F14CA4571AAC11,LEI,Luxembourg,a c d e f g j,2025-06-20,"ESMA interim MiCA register (CASPS), update of 24 Sep 2026",https://www.esma.europa.eu/sites/default/files/2024-12/CASPS.csv,2026-09-29,Licensed in Luxembourg and notified to serve Norway.
NO,Norway,Crypto.com,https://exchangecatalogue.com/exchange/crypto-com-exchange/,passported,Foris DAX MT Limited,MFSA (Malta),2549005CVR5HH70FDO07,LEI,Malta,a c d e g j,2025-01-27,"ESMA interim MiCA register (CASPS), update of 24 Sep 2026",https://www.esma.europa.eu/sites/default/files/2024-12/CASPS.csv,2026-09-29,Licensed in Malta and notified to serve Norway.
NO,Norway,Gate,https://exchangecatalogue.com/exchange/gate/,passported,Gate Technology Limited,MFSA (Malta),984500D6A0F945BB5A15,LEI,Malta,a b c d e j,2025-09-29,"ESMA interim MiCA register (CASPS), update of 24 Sep 2026",https://www.esma.europa.eu/sites/default/files/2024-12/CASPS.csv,2026-09-29,Licensed in Malta and notified to serve Norway.
NO,Norway,Gemini,https://exchangecatalogue.com/exchange/gemini/,restricted_by_exchange,Gemini Intergalactic EU Ltd,MFSA (Malta),2138002QAMX8PPKSO715,LEI,Malta,a c d e f g j,2025-08-21,"ESMA interim MiCA register (CASPS), update of 24 Sep 2026",https://www.esma.europa.eu/sites/default/files/2024-12/CASPS.csv,2026-09-29,"Holds a MiCA licence, but Gemini closed all accounts in the EEA on 6 Apr 2026."
NO,Norway,HTX,https://exchangecatalogue.com/exchange/htx/,not_on_register,,,,,,,,"ESMA interim MiCA register (CASPS), update of 24 Sep 2026",https://www.esma.europa.eu/sites/default/files/2024-12/CASPS.csv,2026-09-29,Not on the ESMA register of MiCA licensed firms.
NO,Norway,Kanga,https://exchangecatalogue.com/exchange/kanga/,not_passported,SIA AlphaRoute (kangaexchange.eu),Latvijas Banka (Latvia),259400JCJJ78A4ZCXP93,LEI,Latvia,a b c d f j,2026-06-18,"ESMA interim MiCA register (CASPS), update of 24 Sep 2026",https://www.esma.europa.eu/sites/default/files/2024-12/CASPS.csv,2026-09-29,"Licensed in Latvia, but Norway is not in its list of host countries."
NO,Norway,Kraken,https://exchangecatalogue.com/exchange/kraken/,passported,Payward Europe Solutions Limited,Central Bank of Ireland,254900641D8KNHUZYX24,LEI,Ireland,a c d e f g i j,2025-06-25,"ESMA interim MiCA register (CASPS), update of 24 Sep 2026",https://www.esma.europa.eu/sites/default/files/2024-12/CASPS.csv,2026-09-29,Licensed in Ireland and notified to serve Norway.
NO,Norway,KuCoin,https://exchangecatalogue.com/exchange/kucoin/,passported,KuCoin EU Exchange GmbH,FMA (Austria),529900B4G0EGK7Z9KT45,LEI,Austria,a c d f j,2025-11-27,"ESMA interim MiCA register (CASPS), update of 24 Sep 2026",https://www.esma.europa.eu/sites/default/files/2024-12/CASPS.csv,2026-09-29,Licensed in Austria and notified to serve Norway.
NO,Norway,MEXC,https://exchangecatalogue.com/exchange/mexc/,not_on_register,,,,,,,,"ESMA interim MiCA register (CASPS), update of 24 Sep 2026",https://www.esma.europa.eu/sites/default/files/2024-12/CASPS.csv,2026-09-29,Not on the ESMA register of MiCA licensed firms.
NO,Norway,OKX,https://exchangecatalogue.com/exchange/okx/,passported,OKX Europe Limited,MFSA (Malta),54930069NLWEIGLHXU42,LEI,Malta,a b c d e f g i j,2025-01-27,"ESMA interim MiCA register (CASPS), update of 24 Sep 2026",https://www.esma.europa.eu/sites/default/files/2024-12/CASPS.csv,2026-09-29,Licensed in Malta and notified to serve Norway.
NO,Norway,One Trading,https://exchangecatalogue.com/exchange/one-trading/,passported,One Trading Exchange B.V.,AFM (Netherlands),984500AA963ED2BA8460,LEI,Netherlands,a b,2025-05-15,"ESMA interim MiCA register (CASPS), update of 24 Sep 2026",https://www.esma.europa.eu/sites/default/files/2024-12/CASPS.csv,2026-09-29,Licensed in Netherlands and notified to serve Norway.
NO,Norway,Toobit,https://exchangecatalogue.com/exchange/toobit/,not_on_register,,,,,,,,"ESMA interim MiCA register (CASPS), update of 24 Sep 2026",https://www.esma.europa.eu/sites/default/files/2024-12/CASPS.csv,2026-09-29,Not on the ESMA register of MiCA licensed firms. Its terms name a Polish company as the EEA contracting party and cite no MiCA licence.
NO,Norway,Tothemoon,https://exchangecatalogue.com/exchange/tothemoon/,passported,Brilliantscope Trading Limited,CySEC (Cyprus),9845009846V10FGD4840,LEI,Cyprus,a c d e f g j,2026-06-29,"ESMA interim MiCA register (CASPS), update of 24 Sep 2026",https://www.esma.europa.eu/sites/default/files/2024-12/CASPS.csv,2026-09-29,Licensed in Cyprus and notified to serve Norway.
NO,Norway,WhiteBIT,https://exchangecatalogue.com/exchange/whitebit/,passported,WB-Shields Innovations GmbH (WhiteBIT EU),FMA (Austria),254900ERDZ4CZ5IF7P56,LEI,Austria,a c d f j,2026-06-18,"ESMA interim MiCA register (CASPS), update of 24 Sep 2026",https://www.esma.europa.eu/sites/default/files/2024-12/CASPS.csv,2026-09-29,Licensed in Austria and notified to serve Norway.
NO,Norway,XT.COM,https://exchangecatalogue.com/exchange/xt-com/,not_on_register,,,,,,,,"ESMA interim MiCA register (CASPS), update of 24 Sep 2026",https://www.esma.europa.eu/sites/default/files/2024-12/CASPS.csv,2026-09-29,Not on the ESMA register of MiCA licensed firms.
PL,Poland,Backpack Exchange,https://exchangecatalogue.com/exchange/backpack-exchange/,passported,Trek Technologies SIA (Backpack EU),Latvijas Banka (Latvia),6488C2PNI17093U2YA18,LEI,Latvia,a c d e j,2026-05-27,"ESMA interim MiCA register (CASPS), update of 24 Sep 2026",https://www.esma.europa.eu/sites/default/files/2024-12/CASPS.csv,2026-09-29,Licensed in Latvia and notified to serve Poland.
PL,Poland,Binance,https://exchangecatalogue.com/exchange/binance/,not_on_register,,,,,,,,"ESMA interim MiCA register (CASPS), update of 24 Sep 2026",https://www.esma.europa.eu/sites/default/files/2024-12/CASPS.csv,2026-09-29,Not on the ESMA register of MiCA licensed firms. Binance does not hold a MiCA licence. It stopped new EU sign ups and restricted its services ahead of 1 July 2026.
PL,Poland,BingX,https://exchangecatalogue.com/exchange/bingx/,not_on_register,,,,,,,,"ESMA interim MiCA register (CASPS), update of 24 Sep 2026",https://www.esma.europa.eu/sites/default/files/2024-12/CASPS.csv,2026-09-29,Not on the ESMA register of MiCA licensed firms.
PL,Poland,Bitfinex,https://exchangecatalogue.com/exchange/bitfinex/,not_on_register,,,,,,,,"ESMA interim MiCA register (CASPS), update of 24 Sep 2026",https://www.esma.europa.eu/sites/default/files/2024-12/CASPS.csv,2026-09-29,Not on the ESMA register of MiCA licensed firms.
PL,Poland,bitFlyer,https://exchangecatalogue.com/exchange/bitflyer/,passported,bitFlyer EUROPE S.A.,CSSF (Luxembourg),984500D4465EFA89EF38,LEI,Luxembourg,a c d e j,2026-06-26,"ESMA interim MiCA register (CASPS), update of 24 Sep 2026",https://www.esma.europa.eu/sites/default/files/2024-12/CASPS.csv,2026-09-29,Licensed in Luxembourg and notified to serve Poland.
PL,Poland,Bitget,https://exchangecatalogue.com/exchange/bitget/,not_on_register,,,,,,,,"ESMA interim MiCA register (CASPS), update of 24 Sep 2026",https://www.esma.europa.eu/sites/default/files/2024-12/CASPS.csv,2026-09-29,Not on the ESMA register of MiCA licensed firms. Its application to the Austrian FMA was still pending on the date checked.
PL,Poland,BitMart,https://exchangecatalogue.com/exchange/bitmart/,not_on_register,,,,,,,,"ESMA interim MiCA register (CASPS), update of 24 Sep 2026",https://www.esma.europa.eu/sites/default/files/2024-12/CASPS.csv,2026-09-29,Not on the ESMA register of MiCA licensed firms.
PL,Poland,Bitstamp,https://exchangecatalogue.com/exchange/bitstamp/,passported,Bitstamp Europe S.A.,CSSF (Luxembourg),549300XIBGTJ0PLIEO72,LEI,Luxembourg,a b c d e g j,2025-05-15,"ESMA interim MiCA register (CASPS), update of 24 Sep 2026",https://www.esma.europa.eu/sites/default/files/2024-12/CASPS.csv,2026-09-29,Licensed in Luxembourg and notified to serve Poland.
PL,Poland,Bitvavo,https://exchangecatalogue.com/exchange/bitvavo/,passported,Bitvavo B.V.,AFM (Netherlands),724500MX2WBKDJP9HE56,LEI,Netherlands,a b j,2025-06-26,"ESMA interim MiCA register (CASPS), update of 24 Sep 2026",https://www.esma.europa.eu/sites/default/files/2024-12/CASPS.csv,2026-09-29,Licensed in Netherlands and notified to serve Poland.
PL,Poland,Bullish,https://exchangecatalogue.com/exchange/bullish/,passported,Bullish Europe GmbH,BaFin (Germany),2549008CBASK5Q680X12,LEI,Germany,a c d e j,2025-09-04,"ESMA interim MiCA register (CASPS), update of 24 Sep 2026",https://www.esma.europa.eu/sites/default/files/2024-12/CASPS.csv,2026-09-29,Licensed in Germany and notified to serve Poland.
PL,Poland,Bybit,https://exchangecatalogue.com/exchange/bybit/,passported,Bybit EU GmbH,FMA (Austria),5299005V5GBSN2A4C303,LEI,Austria,a c d f j,2025-05-28,"ESMA interim MiCA register (CASPS), update of 24 Sep 2026",https://www.esma.europa.eu/sites/default/files/2024-12/CASPS.csv,2026-09-29,Licensed in Austria and notified to serve Poland.
PL,Poland,CEX.IO,https://exchangecatalogue.com/exchange/cex-io/,not_on_register,,,,,,,,"ESMA interim MiCA register (CASPS), update of 24 Sep 2026",https://www.esma.europa.eu/sites/default/files/2024-12/CASPS.csv,2026-09-29,Not on the ESMA register of MiCA licensed firms.
PL,Poland,Coinbase,https://exchangecatalogue.com/exchange/coinbase-exchange/,passported,Coinbase Luxembourg S.A.,CSSF (Luxembourg),984500F14CA4571AAC11,LEI,Luxembourg,a c d e f g j,2025-06-20,"ESMA interim MiCA register (CASPS), update of 24 Sep 2026",https://www.esma.europa.eu/sites/default/files/2024-12/CASPS.csv,2026-09-29,Licensed in Luxembourg and notified to serve Poland.
PL,Poland,Crypto.com,https://exchangecatalogue.com/exchange/crypto-com-exchange/,passported,Foris DAX MT Limited,MFSA (Malta),2549005CVR5HH70FDO07,LEI,Malta,a c d e g j,2025-01-27,"ESMA interim MiCA register (CASPS), update of 24 Sep 2026",https://www.esma.europa.eu/sites/default/files/2024-12/CASPS.csv,2026-09-29,Licensed in Malta and notified to serve Poland.
PL,Poland,Gate,https://exchangecatalogue.com/exchange/gate/,passported,Gate Technology Limited,MFSA (Malta),984500D6A0F945BB5A15,LEI,Malta,a b c d e j,2025-09-29,"ESMA interim MiCA register (CASPS), update of 24 Sep 2026",https://www.esma.europa.eu/sites/default/files/2024-12/CASPS.csv,2026-09-29,Licensed in Malta and notified to serve Poland.
PL,Poland,Gemini,https://exchangecatalogue.com/exchange/gemini/,restricted_by_exchange,Gemini Intergalactic EU Ltd,MFSA (Malta),2138002QAMX8PPKSO715,LEI,Malta,a c d e f g j,2025-08-21,"ESMA interim MiCA register (CASPS), update of 24 Sep 2026",https://www.esma.europa.eu/sites/default/files/2024-12/CASPS.csv,2026-09-29,"Holds a MiCA licence, but Gemini closed all accounts in the EEA on 6 Apr 2026."
PL,Poland,HTX,https://exchangecatalogue.com/exchange/htx/,not_on_register,,,,,,,,"ESMA interim MiCA register (CASPS), update of 24 Sep 2026",https://www.esma.europa.eu/sites/default/files/2024-12/CASPS.csv,2026-09-29,Not on the ESMA register of MiCA licensed firms.
PL,Poland,Kanga,https://exchangecatalogue.com/exchange/kanga/,passported,SIA AlphaRoute (kangaexchange.eu),Latvijas Banka (Latvia),259400JCJJ78A4ZCXP93,LEI,Latvia,a b c d f j,2026-06-18,"ESMA interim MiCA register (CASPS), update of 24 Sep 2026",https://www.esma.europa.eu/sites/default/files/2024-12/CASPS.csv,2026-09-29,Licensed in Latvia and notified to serve Poland.
PL,Poland,Kraken,https://exchangecatalogue.com/exchange/kraken/,passported,Payward Europe Solutions Limited,Central Bank of Ireland,254900641D8KNHUZYX24,LEI,Ireland,a c d e f g i j,2025-06-25,"ESMA interim MiCA register (CASPS), update of 24 Sep 2026",https://www.esma.europa.eu/sites/default/files/2024-12/CASPS.csv,2026-09-29,Licensed in Ireland and notified to serve Poland.
PL,Poland,KuCoin,https://exchangecatalogue.com/exchange/kucoin/,passported,KuCoin EU Exchange GmbH,FMA (Austria),529900B4G0EGK7Z9KT45,LEI,Austria,a c d f j,2025-11-27,"ESMA interim MiCA register (CASPS), update of 24 Sep 2026",https://www.esma.europa.eu/sites/default/files/2024-12/CASPS.csv,2026-09-29,Licensed in Austria and notified to serve Poland.
PL,Poland,MEXC,https://exchangecatalogue.com/exchange/mexc/,not_on_register,,,,,,,,"ESMA interim MiCA register (CASPS), update of 24 Sep 2026",https://www.esma.europa.eu/sites/default/files/2024-12/CASPS.csv,2026-09-29,Not on the ESMA register of MiCA licensed firms.
PL,Poland,OKX,https://exchangecatalogue.com/exchange/okx/,passported,OKX Europe Limited,MFSA (Malta),54930069NLWEIGLHXU42,LEI,Malta,a b c d e f g i j,2025-01-27,"ESMA interim MiCA register (CASPS), update of 24 Sep 2026",https://www.esma.europa.eu/sites/default/files/2024-12/CASPS.csv,2026-09-29,Licensed in Malta and notified to serve Poland.
PL,Poland,One Trading,https://exchangecatalogue.com/exchange/one-trading/,passported,One Trading Exchange B.V.,AFM (Netherlands),984500AA963ED2BA8460,LEI,Netherlands,a b,2025-05-15,"ESMA interim MiCA register (CASPS), update of 24 Sep 2026",https://www.esma.europa.eu/sites/default/files/2024-12/CASPS.csv,2026-09-29,Licensed in Netherlands and notified to serve Poland.
PL,Poland,Toobit,https://exchangecatalogue.com/exchange/toobit/,not_on_register,,,,,,,,"ESMA interim MiCA register (CASPS), update of 24 Sep 2026",https://www.esma.europa.eu/sites/default/files/2024-12/CASPS.csv,2026-09-29,Not on the ESMA register of MiCA licensed firms. Its terms name a Polish company as the EEA contracting party and cite no MiCA licence.
PL,Poland,Tothemoon,https://exchangecatalogue.com/exchange/tothemoon/,passported,Brilliantscope Trading Limited,CySEC (Cyprus),9845009846V10FGD4840,LEI,Cyprus,a c d e f g j,2026-06-29,"ESMA interim MiCA register (CASPS), update of 24 Sep 2026",https://www.esma.europa.eu/sites/default/files/2024-12/CASPS.csv,2026-09-29,Licensed in Cyprus and notified to serve Poland.
PL,Poland,WhiteBIT,https://exchangecatalogue.com/exchange/whitebit/,passported,WB-Shields Innovations GmbH (WhiteBIT EU),FMA (Austria),254900ERDZ4CZ5IF7P56,LEI,Austria,a c d f j,2026-06-18,"ESMA interim MiCA register (CASPS), update of 24 Sep 2026",https://www.esma.europa.eu/sites/default/files/2024-12/CASPS.csv,2026-09-29,Licensed in Austria and notified to serve Poland.
PL,Poland,XT.COM,https://exchangecatalogue.com/exchange/xt-com/,not_on_register,,,,,,,,"ESMA interim MiCA register (CASPS), update of 24 Sep 2026",https://www.esma.europa.eu/sites/default/files/2024-12/CASPS.csv,2026-09-29,Not on the ESMA register of MiCA licensed firms.
PT,Portugal,Backpack Exchange,https://exchangecatalogue.com/exchange/backpack-exchange/,passported,Trek Technologies SIA (Backpack EU),Latvijas Banka (Latvia),6488C2PNI17093U2YA18,LEI,Latvia,a c d e j,2026-05-27,"ESMA interim MiCA register (CASPS), update of 24 Sep 2026",https://www.esma.europa.eu/sites/default/files/2024-12/CASPS.csv,2026-09-29,Licensed in Latvia and notified to serve Portugal.
PT,Portugal,Binance,https://exchangecatalogue.com/exchange/binance/,not_on_register,,,,,,,,"ESMA interim MiCA register (CASPS), update of 24 Sep 2026",https://www.esma.europa.eu/sites/default/files/2024-12/CASPS.csv,2026-09-29,Not on the ESMA register of MiCA licensed firms. Binance does not hold a MiCA licence. It stopped new EU sign ups and restricted its services ahead of 1 July 2026.
PT,Portugal,BingX,https://exchangecatalogue.com/exchange/bingx/,not_on_register,,,,,,,,"ESMA interim MiCA register (CASPS), update of 24 Sep 2026",https://www.esma.europa.eu/sites/default/files/2024-12/CASPS.csv,2026-09-29,Not on the ESMA register of MiCA licensed firms.
PT,Portugal,Bitfinex,https://exchangecatalogue.com/exchange/bitfinex/,not_on_register,,,,,,,,"ESMA interim MiCA register (CASPS), update of 24 Sep 2026",https://www.esma.europa.eu/sites/default/files/2024-12/CASPS.csv,2026-09-29,Not on the ESMA register of MiCA licensed firms.
PT,Portugal,bitFlyer,https://exchangecatalogue.com/exchange/bitflyer/,passported,bitFlyer EUROPE S.A.,CSSF (Luxembourg),984500D4465EFA89EF38,LEI,Luxembourg,a c d e j,2026-06-26,"ESMA interim MiCA register (CASPS), update of 24 Sep 2026",https://www.esma.europa.eu/sites/default/files/2024-12/CASPS.csv,2026-09-29,Licensed in Luxembourg and notified to serve Portugal.
PT,Portugal,Bitget,https://exchangecatalogue.com/exchange/bitget/,not_on_register,,,,,,,,"ESMA interim MiCA register (CASPS), update of 24 Sep 2026",https://www.esma.europa.eu/sites/default/files/2024-12/CASPS.csv,2026-09-29,Not on the ESMA register of MiCA licensed firms. Its application to the Austrian FMA was still pending on the date checked.
PT,Portugal,BitMart,https://exchangecatalogue.com/exchange/bitmart/,not_on_register,,,,,,,,"ESMA interim MiCA register (CASPS), update of 24 Sep 2026",https://www.esma.europa.eu/sites/default/files/2024-12/CASPS.csv,2026-09-29,Not on the ESMA register of MiCA licensed firms.
PT,Portugal,Bitstamp,https://exchangecatalogue.com/exchange/bitstamp/,passported,Bitstamp Europe S.A.,CSSF (Luxembourg),549300XIBGTJ0PLIEO72,LEI,Luxembourg,a b c d e g j,2025-05-15,"ESMA interim MiCA register (CASPS), update of 24 Sep 2026",https://www.esma.europa.eu/sites/default/files/2024-12/CASPS.csv,2026-09-29,Licensed in Luxembourg and notified to serve Portugal.
PT,Portugal,Bitvavo,https://exchangecatalogue.com/exchange/bitvavo/,passported,Bitvavo B.V.,AFM (Netherlands),724500MX2WBKDJP9HE56,LEI,Netherlands,a b j,2025-06-26,"ESMA interim MiCA register (CASPS), update of 24 Sep 2026",https://www.esma.europa.eu/sites/default/files/2024-12/CASPS.csv,2026-09-29,Licensed in Netherlands and notified to serve Portugal.
PT,Portugal,Bullish,https://exchangecatalogue.com/exchange/bullish/,passported,Bullish Europe GmbH,BaFin (Germany),2549008CBASK5Q680X12,LEI,Germany,a c d e j,2025-09-04,"ESMA interim MiCA register (CASPS), update of 24 Sep 2026",https://www.esma.europa.eu/sites/default/files/2024-12/CASPS.csv,2026-09-29,Licensed in Germany and notified to serve Portugal.
PT,Portugal,Bybit,https://exchangecatalogue.com/exchange/bybit/,passported,Bybit EU GmbH,FMA (Austria),5299005V5GBSN2A4C303,LEI,Austria,a c d f j,2025-05-28,"ESMA interim MiCA register (CASPS), update of 24 Sep 2026",https://www.esma.europa.eu/sites/default/files/2024-12/CASPS.csv,2026-09-29,Licensed in Austria and notified to serve Portugal.
PT,Portugal,CEX.IO,https://exchangecatalogue.com/exchange/cex-io/,not_on_register,,,,,,,,"ESMA interim MiCA register (CASPS), update of 24 Sep 2026",https://www.esma.europa.eu/sites/default/files/2024-12/CASPS.csv,2026-09-29,Not on the ESMA register of MiCA licensed firms.
PT,Portugal,Coinbase,https://exchangecatalogue.com/exchange/coinbase-exchange/,passported,Coinbase Luxembourg S.A.,CSSF (Luxembourg),984500F14CA4571AAC11,LEI,Luxembourg,a c d e f g j,2025-06-20,"ESMA interim MiCA register (CASPS), update of 24 Sep 2026",https://www.esma.europa.eu/sites/default/files/2024-12/CASPS.csv,2026-09-29,Licensed in Luxembourg and notified to serve Portugal.
PT,Portugal,Crypto.com,https://exchangecatalogue.com/exchange/crypto-com-exchange/,passported,Foris DAX MT Limited,MFSA (Malta),2549005CVR5HH70FDO07,LEI,Malta,a c d e g j,2025-01-27,"ESMA interim MiCA register (CASPS), update of 24 Sep 2026",https://www.esma.europa.eu/sites/default/files/2024-12/CASPS.csv,2026-09-29,Licensed in Malta and notified to serve Portugal.
PT,Portugal,Gate,https://exchangecatalogue.com/exchange/gate/,passported,Gate Technology Limited,MFSA (Malta),984500D6A0F945BB5A15,LEI,Malta,a b c d e j,2025-09-29,"ESMA interim MiCA register (CASPS), update of 24 Sep 2026",https://www.esma.europa.eu/sites/default/files/2024-12/CASPS.csv,2026-09-29,Licensed in Malta and notified to serve Portugal.
PT,Portugal,Gemini,https://exchangecatalogue.com/exchange/gemini/,restricted_by_exchange,Gemini Intergalactic EU Ltd,MFSA (Malta),2138002QAMX8PPKSO715,LEI,Malta,a c d e f g j,2025-08-21,"ESMA interim MiCA register (CASPS), update of 24 Sep 2026",https://www.esma.europa.eu/sites/default/files/2024-12/CASPS.csv,2026-09-29,"Holds a MiCA licence, but Gemini closed all accounts in the EEA on 6 Apr 2026."
PT,Portugal,HTX,https://exchangecatalogue.com/exchange/htx/,not_on_register,,,,,,,,"ESMA interim MiCA register (CASPS), update of 24 Sep 2026",https://www.esma.europa.eu/sites/default/files/2024-12/CASPS.csv,2026-09-29,Not on the ESMA register of MiCA licensed firms.
PT,Portugal,Kanga,https://exchangecatalogue.com/exchange/kanga/,not_passported,SIA AlphaRoute (kangaexchange.eu),Latvijas Banka (Latvia),259400JCJJ78A4ZCXP93,LEI,Latvia,a b c d f j,2026-06-18,"ESMA interim MiCA register (CASPS), update of 24 Sep 2026",https://www.esma.europa.eu/sites/default/files/2024-12/CASPS.csv,2026-09-29,"Licensed in Latvia, but Portugal is not in its list of host countries."
PT,Portugal,Kraken,https://exchangecatalogue.com/exchange/kraken/,passported,Payward Europe Solutions Limited,Central Bank of Ireland,254900641D8KNHUZYX24,LEI,Ireland,a c d e f g i j,2025-06-25,"ESMA interim MiCA register (CASPS), update of 24 Sep 2026",https://www.esma.europa.eu/sites/default/files/2024-12/CASPS.csv,2026-09-29,Licensed in Ireland and notified to serve Portugal.
PT,Portugal,KuCoin,https://exchangecatalogue.com/exchange/kucoin/,passported,KuCoin EU Exchange GmbH,FMA (Austria),529900B4G0EGK7Z9KT45,LEI,Austria,a c d f j,2025-11-27,"ESMA interim MiCA register (CASPS), update of 24 Sep 2026",https://www.esma.europa.eu/sites/default/files/2024-12/CASPS.csv,2026-09-29,Licensed in Austria and notified to serve Portugal.
PT,Portugal,MEXC,https://exchangecatalogue.com/exchange/mexc/,not_on_register,,,,,,,,"ESMA interim MiCA register (CASPS), update of 24 Sep 2026",https://www.esma.europa.eu/sites/default/files/2024-12/CASPS.csv,2026-09-29,Not on the ESMA register of MiCA licensed firms.
PT,Portugal,OKX,https://exchangecatalogue.com/exchange/okx/,passported,OKX Europe Limited,MFSA (Malta),54930069NLWEIGLHXU42,LEI,Malta,a b c d e f g i j,2025-01-27,"ESMA interim MiCA register (CASPS), update of 24 Sep 2026",https://www.esma.europa.eu/sites/default/files/2024-12/CASPS.csv,2026-09-29,Licensed in Malta and notified to serve Portugal.
PT,Portugal,One Trading,https://exchangecatalogue.com/exchange/one-trading/,passported,One Trading Exchange B.V.,AFM (Netherlands),984500AA963ED2BA8460,LEI,Netherlands,a b,2025-05-15,"ESMA interim MiCA register (CASPS), update of 24 Sep 2026",https://www.esma.europa.eu/sites/default/files/2024-12/CASPS.csv,2026-09-29,Licensed in Netherlands and notified to serve Portugal.
PT,Portugal,Toobit,https://exchangecatalogue.com/exchange/toobit/,not_on_register,,,,,,,,"ESMA interim MiCA register (CASPS), update of 24 Sep 2026",https://www.esma.europa.eu/sites/default/files/2024-12/CASPS.csv,2026-09-29,Not on the ESMA register of MiCA licensed firms. Its terms name a Polish company as the EEA contracting party and cite no MiCA licence.
PT,Portugal,Tothemoon,https://exchangecatalogue.com/exchange/tothemoon/,passported,Brilliantscope Trading Limited,CySEC (Cyprus),9845009846V10FGD4840,LEI,Cyprus,a c d e f g j,2026-06-29,"ESMA interim MiCA register (CASPS), update of 24 Sep 2026",https://www.esma.europa.eu/sites/default/files/2024-12/CASPS.csv,2026-09-29,Licensed in Cyprus and notified to serve Portugal.
PT,Portugal,WhiteBIT,https://exchangecatalogue.com/exchange/whitebit/,passported,WB-Shields Innovations GmbH (WhiteBIT EU),FMA (Austria),254900ERDZ4CZ5IF7P56,LEI,Austria,a c d f j,2026-06-18,"ESMA interim MiCA register (CASPS), update of 24 Sep 2026",https://www.esma.europa.eu/sites/default/files/2024-12/CASPS.csv,2026-09-29,Licensed in Austria and notified to serve Portugal.
PT,Portugal,XT.COM,https://exchangecatalogue.com/exchange/xt-com/,not_on_register,,,,,,,,"ESMA interim MiCA register (CASPS), update of 24 Sep 2026",https://www.esma.europa.eu/sites/default/files/2024-12/CASPS.csv,2026-09-29,Not on the ESMA register of MiCA licensed firms.
RO,Romania,Backpack Exchange,https://exchangecatalogue.com/exchange/backpack-exchange/,passported,Trek Technologies SIA (Backpack EU),Latvijas Banka (Latvia),6488C2PNI17093U2YA18,LEI,Latvia,a c d e j,2026-05-27,"ESMA interim MiCA register (CASPS), update of 24 Sep 2026",https://www.esma.europa.eu/sites/default/files/2024-12/CASPS.csv,2026-09-29,Licensed in Latvia and notified to serve Romania.
RO,Romania,Binance,https://exchangecatalogue.com/exchange/binance/,not_on_register,,,,,,,,"ESMA interim MiCA register (CASPS), update of 24 Sep 2026",https://www.esma.europa.eu/sites/default/files/2024-12/CASPS.csv,2026-09-29,Not on the ESMA register of MiCA licensed firms. Binance does not hold a MiCA licence. It stopped new EU sign ups and restricted its services ahead of 1 July 2026.
RO,Romania,BingX,https://exchangecatalogue.com/exchange/bingx/,not_on_register,,,,,,,,"ESMA interim MiCA register (CASPS), update of 24 Sep 2026",https://www.esma.europa.eu/sites/default/files/2024-12/CASPS.csv,2026-09-29,Not on the ESMA register of MiCA licensed firms.
RO,Romania,Bitfinex,https://exchangecatalogue.com/exchange/bitfinex/,not_on_register,,,,,,,,"ESMA interim MiCA register (CASPS), update of 24 Sep 2026",https://www.esma.europa.eu/sites/default/files/2024-12/CASPS.csv,2026-09-29,Not on the ESMA register of MiCA licensed firms.
RO,Romania,bitFlyer,https://exchangecatalogue.com/exchange/bitflyer/,passported,bitFlyer EUROPE S.A.,CSSF (Luxembourg),984500D4465EFA89EF38,LEI,Luxembourg,a c d e j,2026-06-26,"ESMA interim MiCA register (CASPS), update of 24 Sep 2026",https://www.esma.europa.eu/sites/default/files/2024-12/CASPS.csv,2026-09-29,Licensed in Luxembourg and notified to serve Romania.
RO,Romania,Bitget,https://exchangecatalogue.com/exchange/bitget/,not_on_register,,,,,,,,"ESMA interim MiCA register (CASPS), update of 24 Sep 2026",https://www.esma.europa.eu/sites/default/files/2024-12/CASPS.csv,2026-09-29,Not on the ESMA register of MiCA licensed firms. Its application to the Austrian FMA was still pending on the date checked.
RO,Romania,BitMart,https://exchangecatalogue.com/exchange/bitmart/,not_on_register,,,,,,,,"ESMA interim MiCA register (CASPS), update of 24 Sep 2026",https://www.esma.europa.eu/sites/default/files/2024-12/CASPS.csv,2026-09-29,Not on the ESMA register of MiCA licensed firms.
RO,Romania,Bitstamp,https://exchangecatalogue.com/exchange/bitstamp/,passported,Bitstamp Europe S.A.,CSSF (Luxembourg),549300XIBGTJ0PLIEO72,LEI,Luxembourg,a b c d e g j,2025-05-15,"ESMA interim MiCA register (CASPS), update of 24 Sep 2026",https://www.esma.europa.eu/sites/default/files/2024-12/CASPS.csv,2026-09-29,Licensed in Luxembourg and notified to serve Romania.
RO,Romania,Bitvavo,https://exchangecatalogue.com/exchange/bitvavo/,passported,Bitvavo B.V.,AFM (Netherlands),724500MX2WBKDJP9HE56,LEI,Netherlands,a b j,2025-06-26,"ESMA interim MiCA register (CASPS), update of 24 Sep 2026",https://www.esma.europa.eu/sites/default/files/2024-12/CASPS.csv,2026-09-29,Licensed in Netherlands and notified to serve Romania.
RO,Romania,Bullish,https://exchangecatalogue.com/exchange/bullish/,passported,Bullish Europe GmbH,BaFin (Germany),2549008CBASK5Q680X12,LEI,Germany,a c d e j,2025-09-04,"ESMA interim MiCA register (CASPS), update of 24 Sep 2026",https://www.esma.europa.eu/sites/default/files/2024-12/CASPS.csv,2026-09-29,Licensed in Germany and notified to serve Romania.
RO,Romania,Bybit,https://exchangecatalogue.com/exchange/bybit/,passported,Bybit EU GmbH,FMA (Austria),5299005V5GBSN2A4C303,LEI,Austria,a c d f j,2025-05-28,"ESMA interim MiCA register (CASPS), update of 24 Sep 2026",https://www.esma.europa.eu/sites/default/files/2024-12/CASPS.csv,2026-09-29,Licensed in Austria and notified to serve Romania.
RO,Romania,CEX.IO,https://exchangecatalogue.com/exchange/cex-io/,not_on_register,,,,,,,,"ESMA interim MiCA register (CASPS), update of 24 Sep 2026",https://www.esma.europa.eu/sites/default/files/2024-12/CASPS.csv,2026-09-29,Not on the ESMA register of MiCA licensed firms.
RO,Romania,Coinbase,https://exchangecatalogue.com/exchange/coinbase-exchange/,passported,Coinbase Luxembourg S.A.,CSSF (Luxembourg),984500F14CA4571AAC11,LEI,Luxembourg,a c d e f g j,2025-06-20,"ESMA interim MiCA register (CASPS), update of 24 Sep 2026",https://www.esma.europa.eu/sites/default/files/2024-12/CASPS.csv,2026-09-29,Licensed in Luxembourg and notified to serve Romania.
RO,Romania,Crypto.com,https://exchangecatalogue.com/exchange/crypto-com-exchange/,passported,Foris DAX MT Limited,MFSA (Malta),2549005CVR5HH70FDO07,LEI,Malta,a c d e g j,2025-01-27,"ESMA interim MiCA register (CASPS), update of 24 Sep 2026",https://www.esma.europa.eu/sites/default/files/2024-12/CASPS.csv,2026-09-29,Licensed in Malta and notified to serve Romania.
RO,Romania,Gate,https://exchangecatalogue.com/exchange/gate/,passported,Gate Technology Limited,MFSA (Malta),984500D6A0F945BB5A15,LEI,Malta,a b c d e j,2025-09-29,"ESMA interim MiCA register (CASPS), update of 24 Sep 2026",https://www.esma.europa.eu/sites/default/files/2024-12/CASPS.csv,2026-09-29,Licensed in Malta and notified to serve Romania.
RO,Romania,Gemini,https://exchangecatalogue.com/exchange/gemini/,restricted_by_exchange,Gemini Intergalactic EU Ltd,MFSA (Malta),2138002QAMX8PPKSO715,LEI,Malta,a c d e f g j,2025-08-21,"ESMA interim MiCA register (CASPS), update of 24 Sep 2026",https://www.esma.europa.eu/sites/default/files/2024-12/CASPS.csv,2026-09-29,"Holds a MiCA licence, but Gemini closed all accounts in the EEA on 6 Apr 2026."
RO,Romania,HTX,https://exchangecatalogue.com/exchange/htx/,not_on_register,,,,,,,,"ESMA interim MiCA register (CASPS), update of 24 Sep 2026",https://www.esma.europa.eu/sites/default/files/2024-12/CASPS.csv,2026-09-29,Not on the ESMA register of MiCA licensed firms.
RO,Romania,Kanga,https://exchangecatalogue.com/exchange/kanga/,passported,SIA AlphaRoute (kangaexchange.eu),Latvijas Banka (Latvia),259400JCJJ78A4ZCXP93,LEI,Latvia,a b c d f j,2026-06-18,"ESMA interim MiCA register (CASPS), update of 24 Sep 2026",https://www.esma.europa.eu/sites/default/files/2024-12/CASPS.csv,2026-09-29,Licensed in Latvia and notified to serve Romania.
RO,Romania,Kraken,https://exchangecatalogue.com/exchange/kraken/,passported,Payward Europe Solutions Limited,Central Bank of Ireland,254900641D8KNHUZYX24,LEI,Ireland,a c d e f g i j,2025-06-25,"ESMA interim MiCA register (CASPS), update of 24 Sep 2026",https://www.esma.europa.eu/sites/default/files/2024-12/CASPS.csv,2026-09-29,Licensed in Ireland and notified to serve Romania.
RO,Romania,KuCoin,https://exchangecatalogue.com/exchange/kucoin/,passported,KuCoin EU Exchange GmbH,FMA (Austria),529900B4G0EGK7Z9KT45,LEI,Austria,a c d f j,2025-11-27,"ESMA interim MiCA register (CASPS), update of 24 Sep 2026",https://www.esma.europa.eu/sites/default/files/2024-12/CASPS.csv,2026-09-29,Licensed in Austria and notified to serve Romania.
RO,Romania,MEXC,https://exchangecatalogue.com/exchange/mexc/,not_on_register,,,,,,,,"ESMA interim MiCA register (CASPS), update of 24 Sep 2026",https://www.esma.europa.eu/sites/default/files/2024-12/CASPS.csv,2026-09-29,Not on the ESMA register of MiCA licensed firms.
RO,Romania,OKX,https://exchangecatalogue.com/exchange/okx/,passported,OKX Europe Limited,MFSA (Malta),54930069NLWEIGLHXU42,LEI,Malta,a b c d e f g i j,2025-01-27,"ESMA interim MiCA register (CASPS), update of 24 Sep 2026",https://www.esma.europa.eu/sites/default/files/2024-12/CASPS.csv,2026-09-29,Licensed in Malta and notified to serve Romania.
RO,Romania,One Trading,https://exchangecatalogue.com/exchange/one-trading/,passported,One Trading Exchange B.V.,AFM (Netherlands),984500AA963ED2BA8460,LEI,Netherlands,a b,2025-05-15,"ESMA interim MiCA register (CASPS), update of 24 Sep 2026",https://www.esma.europa.eu/sites/default/files/2024-12/CASPS.csv,2026-09-29,Licensed in Netherlands and notified to serve Romania.
RO,Romania,Toobit,https://exchangecatalogue.com/exchange/toobit/,not_on_register,,,,,,,,"ESMA interim MiCA register (CASPS), update of 24 Sep 2026",https://www.esma.europa.eu/sites/default/files/2024-12/CASPS.csv,2026-09-29,Not on the ESMA register of MiCA licensed firms. Its terms name a Polish company as the EEA contracting party and cite no MiCA licence.
RO,Romania,Tothemoon,https://exchangecatalogue.com/exchange/tothemoon/,passported,Brilliantscope Trading Limited,CySEC (Cyprus),9845009846V10FGD4840,LEI,Cyprus,a c d e f g j,2026-06-29,"ESMA interim MiCA register (CASPS), update of 24 Sep 2026",https://www.esma.europa.eu/sites/default/files/2024-12/CASPS.csv,2026-09-29,Licensed in Cyprus and notified to serve Romania.
RO,Romania,WhiteBIT,https://exchangecatalogue.com/exchange/whitebit/,passported,WB-Shields Innovations GmbH (WhiteBIT EU),FMA (Austria),254900ERDZ4CZ5IF7P56,LEI,Austria,a c d f j,2026-06-18,"ESMA interim MiCA register (CASPS), update of 24 Sep 2026",https://www.esma.europa.eu/sites/default/files/2024-12/CASPS.csv,2026-09-29,Licensed in Austria and notified to serve Romania.
RO,Romania,XT.COM,https://exchangecatalogue.com/exchange/xt-com/,not_on_register,,,,,,,,"ESMA interim MiCA register (CASPS), update of 24 Sep 2026",https://www.esma.europa.eu/sites/default/files/2024-12/CASPS.csv,2026-09-29,Not on the ESMA register of MiCA licensed firms.
SK,Slovakia,Backpack Exchange,https://exchangecatalogue.com/exchange/backpack-exchange/,passported,Trek Technologies SIA (Backpack EU),Latvijas Banka (Latvia),6488C2PNI17093U2YA18,LEI,Latvia,a c d e j,2026-05-27,"ESMA interim MiCA register (CASPS), update of 24 Sep 2026",https://www.esma.europa.eu/sites/default/files/2024-12/CASPS.csv,2026-09-29,Licensed in Latvia and notified to serve Slovakia.
SK,Slovakia,Binance,https://exchangecatalogue.com/exchange/binance/,not_on_register,,,,,,,,"ESMA interim MiCA register (CASPS), update of 24 Sep 2026",https://www.esma.europa.eu/sites/default/files/2024-12/CASPS.csv,2026-09-29,Not on the ESMA register of MiCA licensed firms. Binance does not hold a MiCA licence. It stopped new EU sign ups and restricted its services ahead of 1 July 2026.
SK,Slovakia,BingX,https://exchangecatalogue.com/exchange/bingx/,not_on_register,,,,,,,,"ESMA interim MiCA register (CASPS), update of 24 Sep 2026",https://www.esma.europa.eu/sites/default/files/2024-12/CASPS.csv,2026-09-29,Not on the ESMA register of MiCA licensed firms.
SK,Slovakia,Bitfinex,https://exchangecatalogue.com/exchange/bitfinex/,not_on_register,,,,,,,,"ESMA interim MiCA register (CASPS), update of 24 Sep 2026",https://www.esma.europa.eu/sites/default/files/2024-12/CASPS.csv,2026-09-29,Not on the ESMA register of MiCA licensed firms.
SK,Slovakia,bitFlyer,https://exchangecatalogue.com/exchange/bitflyer/,passported,bitFlyer EUROPE S.A.,CSSF (Luxembourg),984500D4465EFA89EF38,LEI,Luxembourg,a c d e j,2026-06-26,"ESMA interim MiCA register (CASPS), update of 24 Sep 2026",https://www.esma.europa.eu/sites/default/files/2024-12/CASPS.csv,2026-09-29,Licensed in Luxembourg and notified to serve Slovakia.
SK,Slovakia,Bitget,https://exchangecatalogue.com/exchange/bitget/,not_on_register,,,,,,,,"ESMA interim MiCA register (CASPS), update of 24 Sep 2026",https://www.esma.europa.eu/sites/default/files/2024-12/CASPS.csv,2026-09-29,Not on the ESMA register of MiCA licensed firms. Its application to the Austrian FMA was still pending on the date checked.
SK,Slovakia,BitMart,https://exchangecatalogue.com/exchange/bitmart/,not_on_register,,,,,,,,"ESMA interim MiCA register (CASPS), update of 24 Sep 2026",https://www.esma.europa.eu/sites/default/files/2024-12/CASPS.csv,2026-09-29,Not on the ESMA register of MiCA licensed firms.
SK,Slovakia,Bitstamp,https://exchangecatalogue.com/exchange/bitstamp/,passported,Bitstamp Europe S.A.,CSSF (Luxembourg),549300XIBGTJ0PLIEO72,LEI,Luxembourg,a b c d e g j,2025-05-15,"ESMA interim MiCA register (CASPS), update of 24 Sep 2026",https://www.esma.europa.eu/sites/default/files/2024-12/CASPS.csv,2026-09-29,Licensed in Luxembourg and notified to serve Slovakia.
SK,Slovakia,Bitvavo,https://exchangecatalogue.com/exchange/bitvavo/,passported,Bitvavo B.V.,AFM (Netherlands),724500MX2WBKDJP9HE56,LEI,Netherlands,a b j,2025-06-26,"ESMA interim MiCA register (CASPS), update of 24 Sep 2026",https://www.esma.europa.eu/sites/default/files/2024-12/CASPS.csv,2026-09-29,Licensed in Netherlands and notified to serve Slovakia.
SK,Slovakia,Bullish,https://exchangecatalogue.com/exchange/bullish/,passported,Bullish Europe GmbH,BaFin (Germany),2549008CBASK5Q680X12,LEI,Germany,a c d e j,2025-09-04,"ESMA interim MiCA register (CASPS), update of 24 Sep 2026",https://www.esma.europa.eu/sites/default/files/2024-12/CASPS.csv,2026-09-29,Licensed in Germany and notified to serve Slovakia.
SK,Slovakia,Bybit,https://exchangecatalogue.com/exchange/bybit/,passported,Bybit EU GmbH,FMA (Austria),5299005V5GBSN2A4C303,LEI,Austria,a c d f j,2025-05-28,"ESMA interim MiCA register (CASPS), update of 24 Sep 2026",https://www.esma.europa.eu/sites/default/files/2024-12/CASPS.csv,2026-09-29,Licensed in Austria and notified to serve Slovakia.
SK,Slovakia,CEX.IO,https://exchangecatalogue.com/exchange/cex-io/,not_on_register,,,,,,,,"ESMA interim MiCA register (CASPS), update of 24 Sep 2026",https://www.esma.europa.eu/sites/default/files/2024-12/CASPS.csv,2026-09-29,Not on the ESMA register of MiCA licensed firms.
SK,Slovakia,Coinbase,https://exchangecatalogue.com/exchange/coinbase-exchange/,passported,Coinbase Luxembourg S.A.,CSSF (Luxembourg),984500F14CA4571AAC11,LEI,Luxembourg,a c d e f g j,2025-06-20,"ESMA interim MiCA register (CASPS), update of 24 Sep 2026",https://www.esma.europa.eu/sites/default/files/2024-12/CASPS.csv,2026-09-29,Licensed in Luxembourg and notified to serve Slovakia.
SK,Slovakia,Crypto.com,https://exchangecatalogue.com/exchange/crypto-com-exchange/,passported,Foris DAX MT Limited,MFSA (Malta),2549005CVR5HH70FDO07,LEI,Malta,a c d e g j,2025-01-27,"ESMA interim MiCA register (CASPS), update of 24 Sep 2026",https://www.esma.europa.eu/sites/default/files/2024-12/CASPS.csv,2026-09-29,Licensed in Malta and notified to serve Slovakia.
SK,Slovakia,Gate,https://exchangecatalogue.com/exchange/gate/,passported,Gate Technology Limited,MFSA (Malta),984500D6A0F945BB5A15,LEI,Malta,a b c d e j,2025-09-29,"ESMA interim MiCA register (CASPS), update of 24 Sep 2026",https://www.esma.europa.eu/sites/default/files/2024-12/CASPS.csv,2026-09-29,Licensed in Malta and notified to serve Slovakia.
SK,Slovakia,Gemini,https://exchangecatalogue.com/exchange/gemini/,restricted_by_exchange,Gemini Intergalactic EU Ltd,MFSA (Malta),2138002QAMX8PPKSO715,LEI,Malta,a c d e f g j,2025-08-21,"ESMA interim MiCA register (CASPS), update of 24 Sep 2026",https://www.esma.europa.eu/sites/default/files/2024-12/CASPS.csv,2026-09-29,"Holds a MiCA licence, but Gemini closed all accounts in the EEA on 6 Apr 2026."
SK,Slovakia,HTX,https://exchangecatalogue.com/exchange/htx/,not_on_register,,,,,,,,"ESMA interim MiCA register (CASPS), update of 24 Sep 2026",https://www.esma.europa.eu/sites/default/files/2024-12/CASPS.csv,2026-09-29,Not on the ESMA register of MiCA licensed firms.
SK,Slovakia,Kanga,https://exchangecatalogue.com/exchange/kanga/,passported,SIA AlphaRoute (kangaexchange.eu),Latvijas Banka (Latvia),259400JCJJ78A4ZCXP93,LEI,Latvia,a b c d f j,2026-06-18,"ESMA interim MiCA register (CASPS), update of 24 Sep 2026",https://www.esma.europa.eu/sites/default/files/2024-12/CASPS.csv,2026-09-29,Licensed in Latvia and notified to serve Slovakia.
SK,Slovakia,Kraken,https://exchangecatalogue.com/exchange/kraken/,passported,Payward Europe Solutions Limited,Central Bank of Ireland,254900641D8KNHUZYX24,LEI,Ireland,a c d e f g i j,2025-06-25,"ESMA interim MiCA register (CASPS), update of 24 Sep 2026",https://www.esma.europa.eu/sites/default/files/2024-12/CASPS.csv,2026-09-29,Licensed in Ireland and notified to serve Slovakia.
SK,Slovakia,KuCoin,https://exchangecatalogue.com/exchange/kucoin/,passported,KuCoin EU Exchange GmbH,FMA (Austria),529900B4G0EGK7Z9KT45,LEI,Austria,a c d f j,2025-11-27,"ESMA interim MiCA register (CASPS), update of 24 Sep 2026",https://www.esma.europa.eu/sites/default/files/2024-12/CASPS.csv,2026-09-29,Licensed in Austria and notified to serve Slovakia.
SK,Slovakia,MEXC,https://exchangecatalogue.com/exchange/mexc/,not_on_register,,,,,,,,"ESMA interim MiCA register (CASPS), update of 24 Sep 2026",https://www.esma.europa.eu/sites/default/files/2024-12/CASPS.csv,2026-09-29,Not on the ESMA register of MiCA licensed firms.
SK,Slovakia,OKX,https://exchangecatalogue.com/exchange/okx/,passported,OKX Europe Limited,MFSA (Malta),54930069NLWEIGLHXU42,LEI,Malta,a b c d e f g i j,2025-01-27,"ESMA interim MiCA register (CASPS), update of 24 Sep 2026",https://www.esma.europa.eu/sites/default/files/2024-12/CASPS.csv,2026-09-29,Licensed in Malta and notified to serve Slovakia.
SK,Slovakia,One Trading,https://exchangecatalogue.com/exchange/one-trading/,passported,One Trading Exchange B.V.,AFM (Netherlands),984500AA963ED2BA8460,LEI,Netherlands,a b,2025-05-15,"ESMA interim MiCA register (CASPS), update of 24 Sep 2026",https://www.esma.europa.eu/sites/default/files/2024-12/CASPS.csv,2026-09-29,Licensed in Netherlands and notified to serve Slovakia.
SK,Slovakia,Toobit,https://exchangecatalogue.com/exchange/toobit/,not_on_register,,,,,,,,"ESMA interim MiCA register (CASPS), update of 24 Sep 2026",https://www.esma.europa.eu/sites/default/files/2024-12/CASPS.csv,2026-09-29,Not on the ESMA register of MiCA licensed firms. Its terms name a Polish company as the EEA contracting party and cite no MiCA licence.
SK,Slovakia,Tothemoon,https://exchangecatalogue.com/exchange/tothemoon/,passported,Brilliantscope Trading Limited,CySEC (Cyprus),9845009846V10FGD4840,LEI,Cyprus,a c d e f g j,2026-06-29,"ESMA interim MiCA register (CASPS), update of 24 Sep 2026",https://www.esma.europa.eu/sites/default/files/2024-12/CASPS.csv,2026-09-29,Licensed in Cyprus and notified to serve Slovakia.
SK,Slovakia,WhiteBIT,https://exchangecatalogue.com/exchange/whitebit/,passported,WB-Shields Innovations GmbH (WhiteBIT EU),FMA (Austria),254900ERDZ4CZ5IF7P56,LEI,Austria,a c d f j,2026-06-18,"ESMA interim MiCA register (CASPS), update of 24 Sep 2026",https://www.esma.europa.eu/sites/default/files/2024-12/CASPS.csv,2026-09-29,Licensed in Austria and notified to serve Slovakia.
SK,Slovakia,XT.COM,https://exchangecatalogue.com/exchange/xt-com/,not_on_register,,,,,,,,"ESMA interim MiCA register (CASPS), update of 24 Sep 2026",https://www.esma.europa.eu/sites/default/files/2024-12/CASPS.csv,2026-09-29,Not on the ESMA register of MiCA licensed firms.
SI,Slovenia,Backpack Exchange,https://exchangecatalogue.com/exchange/backpack-exchange/,passported,Trek Technologies SIA (Backpack EU),Latvijas Banka (Latvia),6488C2PNI17093U2YA18,LEI,Latvia,a c d e j,2026-05-27,"ESMA interim MiCA register (CASPS), update of 24 Sep 2026",https://www.esma.europa.eu/sites/default/files/2024-12/CASPS.csv,2026-09-29,Licensed in Latvia and notified to serve Slovenia.
SI,Slovenia,Binance,https://exchangecatalogue.com/exchange/binance/,not_on_register,,,,,,,,"ESMA interim MiCA register (CASPS), update of 24 Sep 2026",https://www.esma.europa.eu/sites/default/files/2024-12/CASPS.csv,2026-09-29,Not on the ESMA register of MiCA licensed firms. Binance does not hold a MiCA licence. It stopped new EU sign ups and restricted its services ahead of 1 July 2026.
SI,Slovenia,BingX,https://exchangecatalogue.com/exchange/bingx/,not_on_register,,,,,,,,"ESMA interim MiCA register (CASPS), update of 24 Sep 2026",https://www.esma.europa.eu/sites/default/files/2024-12/CASPS.csv,2026-09-29,Not on the ESMA register of MiCA licensed firms.
SI,Slovenia,Bitfinex,https://exchangecatalogue.com/exchange/bitfinex/,not_on_register,,,,,,,,"ESMA interim MiCA register (CASPS), update of 24 Sep 2026",https://www.esma.europa.eu/sites/default/files/2024-12/CASPS.csv,2026-09-29,Not on the ESMA register of MiCA licensed firms.
SI,Slovenia,bitFlyer,https://exchangecatalogue.com/exchange/bitflyer/,passported,bitFlyer EUROPE S.A.,CSSF (Luxembourg),984500D4465EFA89EF38,LEI,Luxembourg,a c d e j,2026-06-26,"ESMA interim MiCA register (CASPS), update of 24 Sep 2026",https://www.esma.europa.eu/sites/default/files/2024-12/CASPS.csv,2026-09-29,Licensed in Luxembourg and notified to serve Slovenia.
SI,Slovenia,Bitget,https://exchangecatalogue.com/exchange/bitget/,not_on_register,,,,,,,,"ESMA interim MiCA register (CASPS), update of 24 Sep 2026",https://www.esma.europa.eu/sites/default/files/2024-12/CASPS.csv,2026-09-29,Not on the ESMA register of MiCA licensed firms. Its application to the Austrian FMA was still pending on the date checked.
SI,Slovenia,BitMart,https://exchangecatalogue.com/exchange/bitmart/,not_on_register,,,,,,,,"ESMA interim MiCA register (CASPS), update of 24 Sep 2026",https://www.esma.europa.eu/sites/default/files/2024-12/CASPS.csv,2026-09-29,Not on the ESMA register of MiCA licensed firms.
SI,Slovenia,Bitstamp,https://exchangecatalogue.com/exchange/bitstamp/,passported,Bitstamp Europe S.A.,CSSF (Luxembourg),549300XIBGTJ0PLIEO72,LEI,Luxembourg,a b c d e g j,2025-05-15,"ESMA interim MiCA register (CASPS), update of 24 Sep 2026",https://www.esma.europa.eu/sites/default/files/2024-12/CASPS.csv,2026-09-29,Licensed in Luxembourg and notified to serve Slovenia.
SI,Slovenia,Bitvavo,https://exchangecatalogue.com/exchange/bitvavo/,passported,Bitvavo B.V.,AFM (Netherlands),724500MX2WBKDJP9HE56,LEI,Netherlands,a b j,2025-06-26,"ESMA interim MiCA register (CASPS), update of 24 Sep 2026",https://www.esma.europa.eu/sites/default/files/2024-12/CASPS.csv,2026-09-29,Licensed in Netherlands and notified to serve Slovenia.
SI,Slovenia,Bullish,https://exchangecatalogue.com/exchange/bullish/,passported,Bullish Europe GmbH,BaFin (Germany),2549008CBASK5Q680X12,LEI,Germany,a c d e j,2025-09-04,"ESMA interim MiCA register (CASPS), update of 24 Sep 2026",https://www.esma.europa.eu/sites/default/files/2024-12/CASPS.csv,2026-09-29,Licensed in Germany and notified to serve Slovenia.
SI,Slovenia,Bybit,https://exchangecatalogue.com/exchange/bybit/,passported,Bybit EU GmbH,FMA (Austria),5299005V5GBSN2A4C303,LEI,Austria,a c d f j,2025-05-28,"ESMA interim MiCA register (CASPS), update of 24 Sep 2026",https://www.esma.europa.eu/sites/default/files/2024-12/CASPS.csv,2026-09-29,Licensed in Austria and notified to serve Slovenia.
SI,Slovenia,CEX.IO,https://exchangecatalogue.com/exchange/cex-io/,not_on_register,,,,,,,,"ESMA interim MiCA register (CASPS), update of 24 Sep 2026",https://www.esma.europa.eu/sites/default/files/2024-12/CASPS.csv,2026-09-29,Not on the ESMA register of MiCA licensed firms.
SI,Slovenia,Coinbase,https://exchangecatalogue.com/exchange/coinbase-exchange/,passported,Coinbase Luxembourg S.A.,CSSF (Luxembourg),984500F14CA4571AAC11,LEI,Luxembourg,a c d e f g j,2025-06-20,"ESMA interim MiCA register (CASPS), update of 24 Sep 2026",https://www.esma.europa.eu/sites/default/files/2024-12/CASPS.csv,2026-09-29,Licensed in Luxembourg and notified to serve Slovenia.
SI,Slovenia,Crypto.com,https://exchangecatalogue.com/exchange/crypto-com-exchange/,passported,Foris DAX MT Limited,MFSA (Malta),2549005CVR5HH70FDO07,LEI,Malta,a c d e g j,2025-01-27,"ESMA interim MiCA register (CASPS), update of 24 Sep 2026",https://www.esma.europa.eu/sites/default/files/2024-12/CASPS.csv,2026-09-29,Licensed in Malta and notified to serve Slovenia.
SI,Slovenia,Gate,https://exchangecatalogue.com/exchange/gate/,passported,Gate Technology Limited,MFSA (Malta),984500D6A0F945BB5A15,LEI,Malta,a b c d e j,2025-09-29,"ESMA interim MiCA register (CASPS), update of 24 Sep 2026",https://www.esma.europa.eu/sites/default/files/2024-12/CASPS.csv,2026-09-29,Licensed in Malta and notified to serve Slovenia.
SI,Slovenia,Gemini,https://exchangecatalogue.com/exchange/gemini/,restricted_by_exchange,Gemini Intergalactic EU Ltd,MFSA (Malta),2138002QAMX8PPKSO715,LEI,Malta,a c d e f g j,2025-08-21,"ESMA interim MiCA register (CASPS), update of 24 Sep 2026",https://www.esma.europa.eu/sites/default/files/2024-12/CASPS.csv,2026-09-29,"Holds a MiCA licence, but Gemini closed all accounts in the EEA on 6 Apr 2026."
SI,Slovenia,HTX,https://exchangecatalogue.com/exchange/htx/,not_on_register,,,,,,,,"ESMA interim MiCA register (CASPS), update of 24 Sep 2026",https://www.esma.europa.eu/sites/default/files/2024-12/CASPS.csv,2026-09-29,Not on the ESMA register of MiCA licensed firms.
SI,Slovenia,Kanga,https://exchangecatalogue.com/exchange/kanga/,passported,SIA AlphaRoute (kangaexchange.eu),Latvijas Banka (Latvia),259400JCJJ78A4ZCXP93,LEI,Latvia,a b c d f j,2026-06-18,"ESMA interim MiCA register (CASPS), update of 24 Sep 2026",https://www.esma.europa.eu/sites/default/files/2024-12/CASPS.csv,2026-09-29,Licensed in Latvia and notified to serve Slovenia.
SI,Slovenia,Kraken,https://exchangecatalogue.com/exchange/kraken/,passported,Payward Europe Solutions Limited,Central Bank of Ireland,254900641D8KNHUZYX24,LEI,Ireland,a c d e f g i j,2025-06-25,"ESMA interim MiCA register (CASPS), update of 24 Sep 2026",https://www.esma.europa.eu/sites/default/files/2024-12/CASPS.csv,2026-09-29,Licensed in Ireland and notified to serve Slovenia.
SI,Slovenia,KuCoin,https://exchangecatalogue.com/exchange/kucoin/,passported,KuCoin EU Exchange GmbH,FMA (Austria),529900B4G0EGK7Z9KT45,LEI,Austria,a c d f j,2025-11-27,"ESMA interim MiCA register (CASPS), update of 24 Sep 2026",https://www.esma.europa.eu/sites/default/files/2024-12/CASPS.csv,2026-09-29,Licensed in Austria and notified to serve Slovenia.
SI,Slovenia,MEXC,https://exchangecatalogue.com/exchange/mexc/,not_on_register,,,,,,,,"ESMA interim MiCA register (CASPS), update of 24 Sep 2026",https://www.esma.europa.eu/sites/default/files/2024-12/CASPS.csv,2026-09-29,Not on the ESMA register of MiCA licensed firms.
SI,Slovenia,OKX,https://exchangecatalogue.com/exchange/okx/,passported,OKX Europe Limited,MFSA (Malta),54930069NLWEIGLHXU42,LEI,Malta,a b c d e f g i j,2025-01-27,"ESMA interim MiCA register (CASPS), update of 24 Sep 2026",https://www.esma.europa.eu/sites/default/files/2024-12/CASPS.csv,2026-09-29,Licensed in Malta and notified to serve Slovenia.
SI,Slovenia,One Trading,https://exchangecatalogue.com/exchange/one-trading/,passported,One Trading Exchange B.V.,AFM (Netherlands),984500AA963ED2BA8460,LEI,Netherlands,a b,2025-05-15,"ESMA interim MiCA register (CASPS), update of 24 Sep 2026",https://www.esma.europa.eu/sites/default/files/2024-12/CASPS.csv,2026-09-29,Licensed in Netherlands and notified to serve Slovenia.
SI,Slovenia,Toobit,https://exchangecatalogue.com/exchange/toobit/,not_on_register,,,,,,,,"ESMA interim MiCA register (CASPS), update of 24 Sep 2026",https://www.esma.europa.eu/sites/default/files/2024-12/CASPS.csv,2026-09-29,Not on the ESMA register of MiCA licensed firms. Its terms name a Polish company as the EEA contracting party and cite no MiCA licence.
SI,Slovenia,Tothemoon,https://exchangecatalogue.com/exchange/tothemoon/,passported,Brilliantscope Trading Limited,CySEC (Cyprus),9845009846V10FGD4840,LEI,Cyprus,a c d e f g j,2026-06-29,"ESMA interim MiCA register (CASPS), update of 24 Sep 2026",https://www.esma.europa.eu/sites/default/files/2024-12/CASPS.csv,2026-09-29,Licensed in Cyprus and notified to serve Slovenia.
SI,Slovenia,WhiteBIT,https://exchangecatalogue.com/exchange/whitebit/,passported,WB-Shields Innovations GmbH (WhiteBIT EU),FMA (Austria),254900ERDZ4CZ5IF7P56,LEI,Austria,a c d f j,2026-06-18,"ESMA interim MiCA register (CASPS), update of 24 Sep 2026",https://www.esma.europa.eu/sites/default/files/2024-12/CASPS.csv,2026-09-29,Licensed in Austria and notified to serve Slovenia.
SI,Slovenia,XT.COM,https://exchangecatalogue.com/exchange/xt-com/,not_on_register,,,,,,,,"ESMA interim MiCA register (CASPS), update of 24 Sep 2026",https://www.esma.europa.eu/sites/default/files/2024-12/CASPS.csv,2026-09-29,Not on the ESMA register of MiCA licensed firms.
ES,Spain,Backpack Exchange,https://exchangecatalogue.com/exchange/backpack-exchange/,passported,Trek Technologies SIA (Backpack EU),Latvijas Banka (Latvia),6488C2PNI17093U2YA18,LEI,Latvia,a c d e j,2026-05-27,"ESMA interim MiCA register (CASPS), update of 24 Sep 2026",https://www.esma.europa.eu/sites/default/files/2024-12/CASPS.csv,2026-09-29,Licensed in Latvia and notified to serve Spain.
ES,Spain,Binance,https://exchangecatalogue.com/exchange/binance/,not_on_register,,,,,,,,"ESMA interim MiCA register (CASPS), update of 24 Sep 2026",https://www.esma.europa.eu/sites/default/files/2024-12/CASPS.csv,2026-09-29,Not on the ESMA register of MiCA licensed firms. Binance does not hold a MiCA licence. It stopped new EU sign ups and restricted its services ahead of 1 July 2026.
ES,Spain,BingX,https://exchangecatalogue.com/exchange/bingx/,not_on_register,,,,,,,,"ESMA interim MiCA register (CASPS), update of 24 Sep 2026",https://www.esma.europa.eu/sites/default/files/2024-12/CASPS.csv,2026-09-29,Not on the ESMA register of MiCA licensed firms.
ES,Spain,Bitfinex,https://exchangecatalogue.com/exchange/bitfinex/,not_on_register,,,,,,,,"ESMA interim MiCA register (CASPS), update of 24 Sep 2026",https://www.esma.europa.eu/sites/default/files/2024-12/CASPS.csv,2026-09-29,Not on the ESMA register of MiCA licensed firms.
ES,Spain,bitFlyer,https://exchangecatalogue.com/exchange/bitflyer/,passported,bitFlyer EUROPE S.A.,CSSF (Luxembourg),984500D4465EFA89EF38,LEI,Luxembourg,a c d e j,2026-06-26,"ESMA interim MiCA register (CASPS), update of 24 Sep 2026",https://www.esma.europa.eu/sites/default/files/2024-12/CASPS.csv,2026-09-29,Licensed in Luxembourg and notified to serve Spain.
ES,Spain,Bitget,https://exchangecatalogue.com/exchange/bitget/,not_on_register,,,,,,,,"ESMA interim MiCA register (CASPS), update of 24 Sep 2026",https://www.esma.europa.eu/sites/default/files/2024-12/CASPS.csv,2026-09-29,Not on the ESMA register of MiCA licensed firms. Its application to the Austrian FMA was still pending on the date checked.
ES,Spain,BitMart,https://exchangecatalogue.com/exchange/bitmart/,not_on_register,,,,,,,,"ESMA interim MiCA register (CASPS), update of 24 Sep 2026",https://www.esma.europa.eu/sites/default/files/2024-12/CASPS.csv,2026-09-29,Not on the ESMA register of MiCA licensed firms.
ES,Spain,Bitstamp,https://exchangecatalogue.com/exchange/bitstamp/,passported,Bitstamp Europe S.A.,CSSF (Luxembourg),549300XIBGTJ0PLIEO72,LEI,Luxembourg,a b c d e g j,2025-05-15,"ESMA interim MiCA register (CASPS), update of 24 Sep 2026",https://www.esma.europa.eu/sites/default/files/2024-12/CASPS.csv,2026-09-29,Licensed in Luxembourg and notified to serve Spain.
ES,Spain,Bitvavo,https://exchangecatalogue.com/exchange/bitvavo/,passported,Bitvavo B.V.,AFM (Netherlands),724500MX2WBKDJP9HE56,LEI,Netherlands,a b j,2025-06-26,"ESMA interim MiCA register (CASPS), update of 24 Sep 2026",https://www.esma.europa.eu/sites/default/files/2024-12/CASPS.csv,2026-09-29,Licensed in Netherlands and notified to serve Spain.
ES,Spain,Bullish,https://exchangecatalogue.com/exchange/bullish/,passported,Bullish Europe GmbH,BaFin (Germany),2549008CBASK5Q680X12,LEI,Germany,a c d e j,2025-09-04,"ESMA interim MiCA register (CASPS), update of 24 Sep 2026",https://www.esma.europa.eu/sites/default/files/2024-12/CASPS.csv,2026-09-29,Licensed in Germany and notified to serve Spain.
ES,Spain,Bybit,https://exchangecatalogue.com/exchange/bybit/,passported,Bybit EU GmbH,FMA (Austria),5299005V5GBSN2A4C303,LEI,Austria,a c d f j,2025-05-28,"ESMA interim MiCA register (CASPS), update of 24 Sep 2026",https://www.esma.europa.eu/sites/default/files/2024-12/CASPS.csv,2026-09-29,Licensed in Austria and notified to serve Spain.
ES,Spain,CEX.IO,https://exchangecatalogue.com/exchange/cex-io/,not_on_register,,,,,,,,"ESMA interim MiCA register (CASPS), update of 24 Sep 2026",https://www.esma.europa.eu/sites/default/files/2024-12/CASPS.csv,2026-09-29,Not on the ESMA register of MiCA licensed firms.
ES,Spain,Coinbase,https://exchangecatalogue.com/exchange/coinbase-exchange/,passported,Coinbase Luxembourg S.A.,CSSF (Luxembourg),984500F14CA4571AAC11,LEI,Luxembourg,a c d e f g j,2025-06-20,"ESMA interim MiCA register (CASPS), update of 24 Sep 2026",https://www.esma.europa.eu/sites/default/files/2024-12/CASPS.csv,2026-09-29,Licensed in Luxembourg and notified to serve Spain.
ES,Spain,Crypto.com,https://exchangecatalogue.com/exchange/crypto-com-exchange/,passported,Foris DAX MT Limited,MFSA (Malta),2549005CVR5HH70FDO07,LEI,Malta,a c d e g j,2025-01-27,"ESMA interim MiCA register (CASPS), update of 24 Sep 2026",https://www.esma.europa.eu/sites/default/files/2024-12/CASPS.csv,2026-09-29,Licensed in Malta and notified to serve Spain.
ES,Spain,Gate,https://exchangecatalogue.com/exchange/gate/,passported,Gate Technology Limited,MFSA (Malta),984500D6A0F945BB5A15,LEI,Malta,a b c d e j,2025-09-29,"ESMA interim MiCA register (CASPS), update of 24 Sep 2026",https://www.esma.europa.eu/sites/default/files/2024-12/CASPS.csv,2026-09-29,Licensed in Malta and notified to serve Spain.
ES,Spain,Gemini,https://exchangecatalogue.com/exchange/gemini/,restricted_by_exchange,Gemini Intergalactic EU Ltd,MFSA (Malta),2138002QAMX8PPKSO715,LEI,Malta,a c d e f g j,2025-08-21,"ESMA interim MiCA register (CASPS), update of 24 Sep 2026",https://www.esma.europa.eu/sites/default/files/2024-12/CASPS.csv,2026-09-29,"Holds a MiCA licence, but Gemini closed all accounts in the EEA on 6 Apr 2026."
ES,Spain,HTX,https://exchangecatalogue.com/exchange/htx/,not_on_register,,,,,,,,"ESMA interim MiCA register (CASPS), update of 24 Sep 2026",https://www.esma.europa.eu/sites/default/files/2024-12/CASPS.csv,2026-09-29,Not on the ESMA register of MiCA licensed firms.
ES,Spain,Kanga,https://exchangecatalogue.com/exchange/kanga/,not_passported,SIA AlphaRoute (kangaexchange.eu),Latvijas Banka (Latvia),259400JCJJ78A4ZCXP93,LEI,Latvia,a b c d f j,2026-06-18,"ESMA interim MiCA register (CASPS), update of 24 Sep 2026",https://www.esma.europa.eu/sites/default/files/2024-12/CASPS.csv,2026-09-29,"Licensed in Latvia, but Spain is not in its list of host countries."
ES,Spain,Kraken,https://exchangecatalogue.com/exchange/kraken/,passported,Payward Europe Solutions Limited,Central Bank of Ireland,254900641D8KNHUZYX24,LEI,Ireland,a c d e f g i j,2025-06-25,"ESMA interim MiCA register (CASPS), update of 24 Sep 2026",https://www.esma.europa.eu/sites/default/files/2024-12/CASPS.csv,2026-09-29,Licensed in Ireland and notified to serve Spain.
ES,Spain,KuCoin,https://exchangecatalogue.com/exchange/kucoin/,passported,KuCoin EU Exchange GmbH,FMA (Austria),529900B4G0EGK7Z9KT45,LEI,Austria,a c d f j,2025-11-27,"ESMA interim MiCA register (CASPS), update of 24 Sep 2026",https://www.esma.europa.eu/sites/default/files/2024-12/CASPS.csv,2026-09-29,Licensed in Austria and notified to serve Spain.
ES,Spain,MEXC,https://exchangecatalogue.com/exchange/mexc/,not_on_register,,,,,,,,"ESMA interim MiCA register (CASPS), update of 24 Sep 2026",https://www.esma.europa.eu/sites/default/files/2024-12/CASPS.csv,2026-09-29,Not on the ESMA register of MiCA licensed firms.
ES,Spain,OKX,https://exchangecatalogue.com/exchange/okx/,passported,OKX Europe Limited,MFSA (Malta),54930069NLWEIGLHXU42,LEI,Malta,a b c d e f g i j,2025-01-27,"ESMA interim MiCA register (CASPS), update of 24 Sep 2026",https://www.esma.europa.eu/sites/default/files/2024-12/CASPS.csv,2026-09-29,Licensed in Malta and notified to serve Spain.
ES,Spain,One Trading,https://exchangecatalogue.com/exchange/one-trading/,passported,One Trading Exchange B.V.,AFM (Netherlands),984500AA963ED2BA8460,LEI,Netherlands,a b,2025-05-15,"ESMA interim MiCA register (CASPS), update of 24 Sep 2026",https://www.esma.europa.eu/sites/default/files/2024-12/CASPS.csv,2026-09-29,Licensed in Netherlands and notified to serve Spain.
ES,Spain,Toobit,https://exchangecatalogue.com/exchange/toobit/,not_on_register,,,,,,,,"ESMA interim MiCA register (CASPS), update of 24 Sep 2026",https://www.esma.europa.eu/sites/default/files/2024-12/CASPS.csv,2026-09-29,Not on the ESMA register of MiCA licensed firms. Its terms name a Polish company as the EEA contracting party and cite no MiCA licence.
ES,Spain,Tothemoon,https://exchangecatalogue.com/exchange/tothemoon/,passported,Brilliantscope Trading Limited,CySEC (Cyprus),9845009846V10FGD4840,LEI,Cyprus,a c d e f g j,2026-06-29,"ESMA interim MiCA register (CASPS), update of 24 Sep 2026",https://www.esma.europa.eu/sites/default/files/2024-12/CASPS.csv,2026-09-29,Licensed in Cyprus and notified to serve Spain.
ES,Spain,WhiteBIT,https://exchangecatalogue.com/exchange/whitebit/,passported,WB-Shields Innovations GmbH (WhiteBIT EU),FMA (Austria),254900ERDZ4CZ5IF7P56,LEI,Austria,a c d f j,2026-06-18,"ESMA interim MiCA register (CASPS), update of 24 Sep 2026",https://www.esma.europa.eu/sites/default/files/2024-12/CASPS.csv,2026-09-29,Licensed in Austria and notified to serve Spain.
ES,Spain,XT.COM,https://exchangecatalogue.com/exchange/xt-com/,not_on_register,,,,,,,,"ESMA interim MiCA register (CASPS), update of 24 Sep 2026",https://www.esma.europa.eu/sites/default/files/2024-12/CASPS.csv,2026-09-29,Not on the ESMA register of MiCA licensed firms.
SE,Sweden,Backpack Exchange,https://exchangecatalogue.com/exchange/backpack-exchange/,passported,Trek Technologies SIA (Backpack EU),Latvijas Banka (Latvia),6488C2PNI17093U2YA18,LEI,Latvia,a c d e j,2026-05-27,"ESMA interim MiCA register (CASPS), update of 24 Sep 2026",https://www.esma.europa.eu/sites/default/files/2024-12/CASPS.csv,2026-09-29,Licensed in Latvia and notified to serve Sweden.
SE,Sweden,Binance,https://exchangecatalogue.com/exchange/binance/,not_on_register,,,,,,,,"ESMA interim MiCA register (CASPS), update of 24 Sep 2026",https://www.esma.europa.eu/sites/default/files/2024-12/CASPS.csv,2026-09-29,Not on the ESMA register of MiCA licensed firms. Binance does not hold a MiCA licence. It stopped new EU sign ups and restricted its services ahead of 1 July 2026.
SE,Sweden,BingX,https://exchangecatalogue.com/exchange/bingx/,not_on_register,,,,,,,,"ESMA interim MiCA register (CASPS), update of 24 Sep 2026",https://www.esma.europa.eu/sites/default/files/2024-12/CASPS.csv,2026-09-29,Not on the ESMA register of MiCA licensed firms.
SE,Sweden,Bitfinex,https://exchangecatalogue.com/exchange/bitfinex/,not_on_register,,,,,,,,"ESMA interim MiCA register (CASPS), update of 24 Sep 2026",https://www.esma.europa.eu/sites/default/files/2024-12/CASPS.csv,2026-09-29,Not on the ESMA register of MiCA licensed firms.
SE,Sweden,bitFlyer,https://exchangecatalogue.com/exchange/bitflyer/,passported,bitFlyer EUROPE S.A.,CSSF (Luxembourg),984500D4465EFA89EF38,LEI,Luxembourg,a c d e j,2026-06-26,"ESMA interim MiCA register (CASPS), update of 24 Sep 2026",https://www.esma.europa.eu/sites/default/files/2024-12/CASPS.csv,2026-09-29,Licensed in Luxembourg and notified to serve Sweden.
SE,Sweden,Bitget,https://exchangecatalogue.com/exchange/bitget/,not_on_register,,,,,,,,"ESMA interim MiCA register (CASPS), update of 24 Sep 2026",https://www.esma.europa.eu/sites/default/files/2024-12/CASPS.csv,2026-09-29,Not on the ESMA register of MiCA licensed firms. Its application to the Austrian FMA was still pending on the date checked.
SE,Sweden,BitMart,https://exchangecatalogue.com/exchange/bitmart/,not_on_register,,,,,,,,"ESMA interim MiCA register (CASPS), update of 24 Sep 2026",https://www.esma.europa.eu/sites/default/files/2024-12/CASPS.csv,2026-09-29,Not on the ESMA register of MiCA licensed firms.
SE,Sweden,Bitstamp,https://exchangecatalogue.com/exchange/bitstamp/,passported,Bitstamp Europe S.A.,CSSF (Luxembourg),549300XIBGTJ0PLIEO72,LEI,Luxembourg,a b c d e g j,2025-05-15,"ESMA interim MiCA register (CASPS), update of 24 Sep 2026",https://www.esma.europa.eu/sites/default/files/2024-12/CASPS.csv,2026-09-29,Licensed in Luxembourg and notified to serve Sweden.
SE,Sweden,Bitvavo,https://exchangecatalogue.com/exchange/bitvavo/,passported,Bitvavo B.V.,AFM (Netherlands),724500MX2WBKDJP9HE56,LEI,Netherlands,a b j,2025-06-26,"ESMA interim MiCA register (CASPS), update of 24 Sep 2026",https://www.esma.europa.eu/sites/default/files/2024-12/CASPS.csv,2026-09-29,Licensed in Netherlands and notified to serve Sweden.
SE,Sweden,Bullish,https://exchangecatalogue.com/exchange/bullish/,passported,Bullish Europe GmbH,BaFin (Germany),2549008CBASK5Q680X12,LEI,Germany,a c d e j,2025-09-04,"ESMA interim MiCA register (CASPS), update of 24 Sep 2026",https://www.esma.europa.eu/sites/default/files/2024-12/CASPS.csv,2026-09-29,Licensed in Germany and notified to serve Sweden.
SE,Sweden,Bybit,https://exchangecatalogue.com/exchange/bybit/,passported,Bybit EU GmbH,FMA (Austria),5299005V5GBSN2A4C303,LEI,Austria,a c d f j,2025-05-28,"ESMA interim MiCA register (CASPS), update of 24 Sep 2026",https://www.esma.europa.eu/sites/default/files/2024-12/CASPS.csv,2026-09-29,Licensed in Austria and notified to serve Sweden.
SE,Sweden,CEX.IO,https://exchangecatalogue.com/exchange/cex-io/,not_on_register,,,,,,,,"ESMA interim MiCA register (CASPS), update of 24 Sep 2026",https://www.esma.europa.eu/sites/default/files/2024-12/CASPS.csv,2026-09-29,Not on the ESMA register of MiCA licensed firms.
SE,Sweden,Coinbase,https://exchangecatalogue.com/exchange/coinbase-exchange/,passported,Coinbase Luxembourg S.A.,CSSF (Luxembourg),984500F14CA4571AAC11,LEI,Luxembourg,a c d e f g j,2025-06-20,"ESMA interim MiCA register (CASPS), update of 24 Sep 2026",https://www.esma.europa.eu/sites/default/files/2024-12/CASPS.csv,2026-09-29,Licensed in Luxembourg and notified to serve Sweden.
SE,Sweden,Crypto.com,https://exchangecatalogue.com/exchange/crypto-com-exchange/,passported,Foris DAX MT Limited,MFSA (Malta),2549005CVR5HH70FDO07,LEI,Malta,a c d e g j,2025-01-27,"ESMA interim MiCA register (CASPS), update of 24 Sep 2026",https://www.esma.europa.eu/sites/default/files/2024-12/CASPS.csv,2026-09-29,Licensed in Malta and notified to serve Sweden.
SE,Sweden,Gate,https://exchangecatalogue.com/exchange/gate/,passported,Gate Technology Limited,MFSA (Malta),984500D6A0F945BB5A15,LEI,Malta,a b c d e j,2025-09-29,"ESMA interim MiCA register (CASPS), update of 24 Sep 2026",https://www.esma.europa.eu/sites/default/files/2024-12/CASPS.csv,2026-09-29,Licensed in Malta and notified to serve Sweden.
SE,Sweden,Gemini,https://exchangecatalogue.com/exchange/gemini/,restricted_by_exchange,Gemini Intergalactic EU Ltd,MFSA (Malta),2138002QAMX8PPKSO715,LEI,Malta,a c d e f g j,2025-08-21,"ESMA interim MiCA register (CASPS), update of 24 Sep 2026",https://www.esma.europa.eu/sites/default/files/2024-12/CASPS.csv,2026-09-29,"Holds a MiCA licence, but Gemini closed all accounts in the EEA on 6 Apr 2026."
SE,Sweden,HTX,https://exchangecatalogue.com/exchange/htx/,not_on_register,,,,,,,,"ESMA interim MiCA register (CASPS), update of 24 Sep 2026",https://www.esma.europa.eu/sites/default/files/2024-12/CASPS.csv,2026-09-29,Not on the ESMA register of MiCA licensed firms.
SE,Sweden,Kanga,https://exchangecatalogue.com/exchange/kanga/,not_passported,SIA AlphaRoute (kangaexchange.eu),Latvijas Banka (Latvia),259400JCJJ78A4ZCXP93,LEI,Latvia,a b c d f j,2026-06-18,"ESMA interim MiCA register (CASPS), update of 24 Sep 2026",https://www.esma.europa.eu/sites/default/files/2024-12/CASPS.csv,2026-09-29,"Licensed in Latvia, but Sweden is not in its list of host countries."
SE,Sweden,Kraken,https://exchangecatalogue.com/exchange/kraken/,passported,Payward Europe Solutions Limited,Central Bank of Ireland,254900641D8KNHUZYX24,LEI,Ireland,a c d e f g i j,2025-06-25,"ESMA interim MiCA register (CASPS), update of 24 Sep 2026",https://www.esma.europa.eu/sites/default/files/2024-12/CASPS.csv,2026-09-29,Licensed in Ireland and notified to serve Sweden.
SE,Sweden,KuCoin,https://exchangecatalogue.com/exchange/kucoin/,passported,KuCoin EU Exchange GmbH,FMA (Austria),529900B4G0EGK7Z9KT45,LEI,Austria,a c d f j,2025-11-27,"ESMA interim MiCA register (CASPS), update of 24 Sep 2026",https://www.esma.europa.eu/sites/default/files/2024-12/CASPS.csv,2026-09-29,Licensed in Austria and notified to serve Sweden.
SE,Sweden,MEXC,https://exchangecatalogue.com/exchange/mexc/,not_on_register,,,,,,,,"ESMA interim MiCA register (CASPS), update of 24 Sep 2026",https://www.esma.europa.eu/sites/default/files/2024-12/CASPS.csv,2026-09-29,Not on the ESMA register of MiCA licensed firms.
SE,Sweden,OKX,https://exchangecatalogue.com/exchange/okx/,passported,OKX Europe Limited,MFSA (Malta),54930069NLWEIGLHXU42,LEI,Malta,a b c d e f g i j,2025-01-27,"ESMA interim MiCA register (CASPS), update of 24 Sep 2026",https://www.esma.europa.eu/sites/default/files/2024-12/CASPS.csv,2026-09-29,Licensed in Malta and notified to serve Sweden.
SE,Sweden,One Trading,https://exchangecatalogue.com/exchange/one-trading/,passported,One Trading Exchange B.V.,AFM (Netherlands),984500AA963ED2BA8460,LEI,Netherlands,a b,2025-05-15,"ESMA interim MiCA register (CASPS), update of 24 Sep 2026",https://www.esma.europa.eu/sites/default/files/2024-12/CASPS.csv,2026-09-29,Licensed in Netherlands and notified to serve Sweden.
SE,Sweden,Toobit,https://exchangecatalogue.com/exchange/toobit/,not_on_register,,,,,,,,"ESMA interim MiCA register (CASPS), update of 24 Sep 2026",https://www.esma.europa.eu/sites/default/files/2024-12/CASPS.csv,2026-09-29,Not on the ESMA register of MiCA licensed firms. Its terms name a Polish company as the EEA contracting party and cite no MiCA licence.
SE,Sweden,Tothemoon,https://exchangecatalogue.com/exchange/tothemoon/,passported,Brilliantscope Trading Limited,CySEC (Cyprus),9845009846V10FGD4840,LEI,Cyprus,a c d e f g j,2026-06-29,"ESMA interim MiCA register (CASPS), update of 24 Sep 2026",https://www.esma.europa.eu/sites/default/files/2024-12/CASPS.csv,2026-09-29,Licensed in Cyprus and notified to serve Sweden.
SE,Sweden,WhiteBIT,https://exchangecatalogue.com/exchange/whitebit/,passported,WB-Shields Innovations GmbH (WhiteBIT EU),FMA (Austria),254900ERDZ4CZ5IF7P56,LEI,Austria,a c d f j,2026-06-18,"ESMA interim MiCA register (CASPS), update of 24 Sep 2026",https://www.esma.europa.eu/sites/default/files/2024-12/CASPS.csv,2026-09-29,Licensed in Austria and notified to serve Sweden.
SE,Sweden,XT.COM,https://exchangecatalogue.com/exchange/xt-com/,not_on_register,,,,,,,,"ESMA interim MiCA register (CASPS), update of 24 Sep 2026",https://www.esma.europa.eu/sites/default/files/2024-12/CASPS.csv,2026-09-29,Not on the ESMA register of MiCA licensed firms.
GB,United Kingdom,Backpack Exchange,https://exchangecatalogue.com/exchange/backpack-exchange/,not_on_register,,FCA,,,,,,FCA register of cryptoasset firms,https://register.fca.org.uk/s/search?predefined=CA,2026-09-29,Not on the FCA register of cryptoasset firms.
GB,United Kingdom,Binance,https://exchangecatalogue.com/exchange/binance/,not_on_register,,FCA,,,,,,FCA register of cryptoasset firms,https://register.fca.org.uk/s/search?predefined=CA,2026-09-29,Not on the FCA register of cryptoasset firms.
GB,United Kingdom,BingX,https://exchangecatalogue.com/exchange/bingx/,restricted_by_exchange,,,,,,,,BingX terms,https://bingx.com/en/support/articles/360034028153,2026-09-29,Its terms list the UK as a restricted country. It is not on the FCA register of cryptoasset firms.
GB,United Kingdom,Bitfinex,https://exchangecatalogue.com/exchange/bitfinex/,not_on_register,,FCA,,,,,,FCA register of cryptoasset firms,https://register.fca.org.uk/s/search?predefined=CA,2026-09-29,Not on the FCA register of cryptoasset firms.
GB,United Kingdom,bitFlyer,https://exchangecatalogue.com/exchange/bitflyer/,not_on_register,,FCA,,,,,,FCA register of cryptoasset firms,https://register.fca.org.uk/s/search?predefined=CA,2026-09-29,Not on the FCA register of cryptoasset firms.
GB,United Kingdom,Bitget,https://exchangecatalogue.com/exchange/bitget/,not_on_register,,FCA,,,,,,FCA register of cryptoasset firms,https://register.fca.org.uk/s/search?predefined=CA,2026-09-29,Not on the FCA register of cryptoasset firms.
GB,United Kingdom,BitMart,https://exchangecatalogue.com/exchange/bitmart/,warning,,FCA,,,,,2024-09-06,FCA Warning List,https://www.fca.org.uk/consumers/warning-list-unauthorised-firms,2026-09-29,FCA warning: Bitmart (bitmart.com).
GB,United Kingdom,Bitstamp,https://exchangecatalogue.com/exchange/bitstamp/,registered,Bitstamp UK Limited,FCA,978690,FRN,,,2023-06-13,FCA register of cryptoasset firms,https://register.fca.org.uk/s/search?predefined=CA,2026-09-29,Registered under the UK money laundering rules. This is not full FCA authorisation.
GB,United Kingdom,Bitvavo,https://exchangecatalogue.com/exchange/bitvavo/,restricted_by_exchange,,,,,,,,Bitvavo terms,https://bitvavo.com/en/terms,2026-09-29,Its terms offer accounts to residents of EEA countries. It is not on the FCA register of cryptoasset firms.
GB,United Kingdom,Bullish,https://exchangecatalogue.com/exchange/bullish/,not_on_register,,FCA,,,,,,FCA register of cryptoasset firms,https://register.fca.org.uk/s/search?predefined=CA,2026-09-29,Not on the FCA register of cryptoasset firms.
GB,United Kingdom,Bybit,https://exchangecatalogue.com/exchange/bybit/,not_on_register,,FCA,,,,,,FCA register of cryptoasset firms,https://register.fca.org.uk/s/search?predefined=CA,2026-09-29,Not on the FCA register of cryptoasset firms.
GB,United Kingdom,CEX.IO,https://exchangecatalogue.com/exchange/cex-io/,registered,CEX.IO Markets UK LTD,FCA,1007192,FRN,,,2026-03-11,FCA register of cryptoasset firms,https://register.fca.org.uk/s/search?predefined=CA,2026-09-29,Registered under the UK money laundering rules. This is not full FCA authorisation.
GB,United Kingdom,Coinbase,https://exchangecatalogue.com/exchange/coinbase-exchange/,registered,CB Payments Ltd,FCA,900635,FRN,,,2025-02-03,FCA register of cryptoasset firms,https://register.fca.org.uk/s/search?predefined=CA,2026-09-29,Registered under the UK money laundering rules. This is not full FCA authorisation.
GB,United Kingdom,Crypto.com,https://exchangecatalogue.com/exchange/crypto-com-exchange/,registered,FORIS DAX UK LIMITED,FCA,941745,FRN,,,2022-08-16,FCA register of cryptoasset firms,https://register.fca.org.uk/s/search?predefined=CA,2026-09-29,Registered under the UK money laundering rules. This is not full FCA authorisation.
GB,United Kingdom,Gate,https://exchangecatalogue.com/exchange/gate/,restricted_by_exchange,,,,,,,,Gate terms,https://www.gate.com/user-agreement,2026-09-29,Its user agreement lists the UK as a restricted location. It is not on the FCA register of cryptoasset firms.
GB,United Kingdom,Gemini,https://exchangecatalogue.com/exchange/gemini/,restricted_by_exchange,"GEMINI INTERGALACTIC UK, LTD",FCA,921817,FRN,,,2020-08-19,Gemini notice,https://support.gemini.com/hc/en-us/articles/46255474469275-Gemini-closing-accounts-in-the-UK-EU-and-Australia-Everything-you-need-to-know,2026-09-29,"On the FCA register, but Gemini closed all UK accounts on 6 Apr 2026."
GB,United Kingdom,HTX,https://exchangecatalogue.com/exchange/htx/,warning,,FCA,,,,,2023-10-08,FCA Warning List,https://www.fca.org.uk/news/press-releases/fca-action-against-htx-illegal-financial-promotions,2026-09-29,"FCA warning: HTX (htx.com), updated 11 Feb 2026. The FCA began court action against HTX over illegal crypto promotions on 10 Feb 2026."
GB,United Kingdom,Kanga,https://exchangecatalogue.com/exchange/kanga/,not_on_register,,FCA,,,,,,FCA register of cryptoasset firms,https://register.fca.org.uk/s/search?predefined=CA,2026-09-29,Not on the FCA register of cryptoasset firms.
GB,United Kingdom,Kraken,https://exchangecatalogue.com/exchange/kraken/,registered,PAYWARD LTD.,FCA,928768,FRN,,,2021-11-23,FCA register of cryptoasset firms,https://register.fca.org.uk/s/search?predefined=CA,2026-09-29,Registered under the UK money laundering rules. This is not full FCA authorisation.
GB,United Kingdom,KuCoin,https://exchangecatalogue.com/exchange/kucoin/,not_on_register,,FCA,,,,,,FCA register of cryptoasset firms,https://register.fca.org.uk/s/search?predefined=CA,2026-09-29,Not on the FCA register of cryptoasset firms.
GB,United Kingdom,MEXC,https://exchangecatalogue.com/exchange/mexc/,warning,,FCA,,,,,2024-03-22,FCA Warning List,https://www.fca.org.uk/consumers/warning-list-unauthorised-firms,2026-09-29,FCA warning: MEXC Global Ltd (mexc.com). Its terms also list the UK as a prohibited country.
GB,United Kingdom,OKX,https://exchangecatalogue.com/exchange/okx/,not_on_register,,FCA,,,,,,FCA register of cryptoasset firms,https://register.fca.org.uk/s/search?predefined=CA,2026-09-29,Not on the FCA register of cryptoasset firms.
GB,United Kingdom,One Trading,https://exchangecatalogue.com/exchange/one-trading/,not_on_register,,FCA,,,,,,FCA register of cryptoasset firms,https://register.fca.org.uk/s/search?predefined=CA,2026-09-29,Not on the FCA register of cryptoasset firms.
GB,United Kingdom,Toobit,https://exchangecatalogue.com/exchange/toobit/,not_on_register,,FCA,,,,,,FCA register of cryptoasset firms,https://register.fca.org.uk/s/search?predefined=CA,2026-09-29,Not on the FCA register of cryptoasset firms.
GB,United Kingdom,Tothemoon,https://exchangecatalogue.com/exchange/tothemoon/,not_on_register,,FCA,,,,,,FCA register of cryptoasset firms,https://register.fca.org.uk/s/search?predefined=CA,2026-09-29,Not on the FCA register of cryptoasset firms.
GB,United Kingdom,WhiteBIT,https://exchangecatalogue.com/exchange/whitebit/,not_on_register,,FCA,,,,,,FCA register of cryptoasset firms,https://register.fca.org.uk/s/search?predefined=CA,2026-09-29,Not on the FCA register of cryptoasset firms.
GB,United Kingdom,XT.COM,https://exchangecatalogue.com/exchange/xt-com/,warning,,FCA,,,,,2025-03-25,FCA Warning List,https://www.fca.org.uk/news/warnings/xtcom,2026-09-29,FCA warning: XT.com is not authorised and may be targeting people in the UK.
